b3001,b3002,b3003,b3004,b3005,b3006,b3007,b3008,b3009,b3010,b3011,b3012,b3013,location
-200,-200,-200,-200,-200,-78,-200,-200,-200,-200,-200,-200,-200,58
-200,-200,-200,-200,-200,-78,-200,-200,-200,-200,-200,-200,-200,63
-200,-200,-200,-200,-200,-77,-200,-200,-200,-200,-200,-200,-200,63
-200,-200,-200,-200,-200,-77,-200,-200,-200,-200,-200,-200,-200,63
-200,-200,-200,-200,-200,-77,-200,-200,-200,-200,-200,-200,-200,63
-200,-200,-82,-200,-200,-200,-200,-200,-200,-200,-200,-200,-200,63
-200,-200,-80,-200,-200,-77,-200,-200,-200,-200,-200,-200,-200,63
-200,-200,-86,-200,-200,-200,-200,-200,-200,-200,-200,-200,-200,64
-200,-200,-200,-75,-200,-200,-200,-200,-200,-200,-200,-200,-200,76
-200,-200,-200,-75,-200,-200,-200,-200,-200,-200,-200,-200,-200,76
-200,-200,-200,-80,-200,-200,-200,-200,-200,-200,-200,-200,-200,76
-200,-200,-200,-78,-200,-200,-200,-200,-200,-200,-200,-200,-200,76
-200,-200,-200,-78,-200,-200,-200,-200,-200,-200,-200,-200,-200,76
-200,-200,-200,-78,-200,-200,-200,-200,-200,-200,-200,-200,-200,77
-200,-200,-200,-76,-200,-200,-200,-200,-200,-200,-200,-200,-200,77
-200,-200,-200,-78,-200,-200,-200,-200,-200,-200,-200,-200,-200,77
-200,-200,-200,-74,-200,-200,-200,-200,-200,-200,-200,-200,-200,77
-200,-200,-200,-76,-200,-200,-200,-200,-200,-200,-200,-200,-200,77
-200,-200,-200,-72,-200,-200,-200,-200,-200,-200,-200,-200,-200,77
-200,-200,-200,-78,-200,-200,-200,-200,-200,-200,-200,-200,-200,77
-200,-200,-200,-70,-200,-200,-200,-200,-200,-200,-200,-200,-200,77
-200,-200,-200,-69,-200,-200,-200,-200,-200,-200,-200,-200,-200,77
-200,-200,-200,-74,-200,-200,-200,-200,-200,-200,-200,-200,-200,83
-200,-200,-200,-76,-200,-200,-200,-200,-200,-200,-200,-200,-200,83
-200,-200,-200,-76,-200,-200,-200,-200,-200,-200,-200,-200,-200,83
-200,-200,-200,-73,-200,-200,-200,-200,-200,-200,-200,-200,-200,83
-200,-200,-200,-74,-200,-200,-200,-200,-200,-200,-200,-200,-200,83
-200,-200,-200,-78,-200,-200,-200,-200,-200,-200,-200,-200,-200,83
-200,-200,-200,-78,-200,-200,-200,-200,-200,-200,-200,-200,-200,83
-200,-200,-200,-77,-200,-200,-200,-200,-200,-200,-200,-200,-200,83
-200,-200,-200,-78,-200,-200,-200,-200,-200,-200,-200,-200,-200,83
-200,-200,-200,-79,-200,-200,-200,-200,-200,-200,-200,-200,-200,83
-200,-200,-200,-72,-200,-200,-200,-200,-200,-200,-200,-200,-200,84
-200,-200,-200,-74,-200,-200,-200,-200,-200,-200,-200,-200,-200,84
-200,-200,-200,-71,-200,-200,-200,-200,-200,-200,-200,-200,-200,84
-200,-200,-200,-76,-200,-200,-200,-200,-200,-200,-200,-200,-200,84
-200,-200,-200,-75,-200,-200,-200,-200,-200,-200,-200,-200,-200,84
-200,-200,-200,-74,-200,-200,-200,-200,-200,-200,-200,-200,-200,84
-200,-200,-200,-78,-200,-200,-200,-200,-200,-200,-200,-200,-200,84
-200,-200,-200,-79,-200,-200,-200,-200,-200,-200,-200,-200,-200,92
-200,-200,-200,-80,-200,-200,-200,-200,-200,-200,-200,-200,-200,92
-200,-86,-200,-200,-200,-200,-200,-200,-200,-200,-200,-200,-200,98
-200,-200,-200,-80,-200,-200,-200,-200,-200,-200,-200,-200,-200,97
-200,-200,-88,-81,-200,-200,-200,-200,-200,-200,-200,-200,-200,97
-200,-200,-200,-81,-200,-200,-200,-200,-200,-200,-200,-200,-200,97
-200,-200,-200,-79,-200,-200,-200,-200,-200,-200,-200,-200,-200,97
-200,-200,-200,-77,-200,-200,-200,-200,-200,-200,-200,-200,-200,98
-200,-63,-200,-200,-200,-200,-200,-200,-200,-200,-200,-200,-200,19
-200,-64,-200,-200,-200,-200,-200,-200,-200,-200,-200,-200,-200,19
-200,-62,-200,-200,-200,-200,-200,-200,-200,-200,-200,-200,-200,19
-200,-63,-81,-200,-200,-200,-200,-200,-200,-200,-200,-200,-200,19
-200,-63,-76,-200,-200,-200,-200,-200,-200,-200,-200,-200,-200,19
-200,-80,-200,-200,-200,-200,-200,-200,-200,-200,-200,-200,-200,29
-200,-200,-83,-200,-200,-200,-200,-200,-200,-200,-200,-200,-200,29
-200,-72,-200,-200,-200,-200,-200,-200,-200,-200,-200,-200,-200,29
-200,-200,-79,-200,-200,-200,-200,-200,-200,-200,-200,-200,-200,29
-200,-72,-82,-200,-200,-200,-200,-200,-200,-200,-200,-200,-200,29
-200,-200,-82,-200,-200,-77,-200,-200,-200,-200,-200,-200,-200,29
-200,-75,-77,-200,-200,-200,-200,-200,-200,-200,-200,-200,-200,29
-200,-77,-200,-200,-200,-200,-200,-200,-200,-200,-200,-200,-200,29
-200,-76,-78,-200,-200,-200,-200,-200,-200,-200,-200,-200,-200,37
-200,-76,-79,-200,-200,-200,-200,-200,-200,-200,-200,-200,-200,37
-200,-77,-200,-200,-200,-200,-200,-200,-200,-200,-200,-200,-200,37
-200,-77,-80,-200,-200,-200,-200,-200,-200,-200,-200,-200,-200,37
-200,-75,-75,-200,-81,-200,-200,-200,-200,-200,-200,-200,-200,37
-200,-78,-75,-200,-200,-200,-200,-200,-200,-200,-200,-200,-200,37
-200,-200,-65,-200,-200,-77,-200,-200,-200,-200,-200,-200,-200,46
-200,-200,-66,-200,-80,-75,-200,-200,-200,-200,-200,-200,-200,46
-200,-200,-64,-200,-200,-71,-200,-200,-200,-200,-200,-200,-200,46
-200,-200,-64,-200,-200,-71,-200,-200,-200,-200,-200,-200,-200,46
-200,-200,-70,-200,-200,-72,-200,-200,-200,-200,-200,-200,-200,46
-200,-200,-74,-200,-200,-72,-200,-200,-200,-200,-200,-200,-200,46
-200,-200,-70,-200,-81,-77,-200,-200,-200,-200,-200,-200,-200,52
-200,-200,-72,-200,-82,-75,-200,-200,-200,-200,-200,-200,-200,52
-200,-200,-75,-82,-200,-74,-200,-200,-200,-200,-200,-200,-200,52
-200,-200,-69,-200,-200,-75,-200,-200,-200,-200,-200,-200,-200,52
-200,-200,-71,-200,-200,-76,-200,-200,-200,-200,-200,-200,-200,52
-200,-200,-81,-200,-200,-76,-200,-200,-200,-200,-200,-200,-200,52
-200,-200,-76,-200,-200,-70,-200,-200,-200,-200,-200,-200,-200,59
-200,-200,-200,-77,-200,-200,-200,-200,-200,-200,-200,-200,-200,59
-200,-200,-78,-79,-200,-200,-200,-200,-200,-200,-200,-200,-200,59
-200,-200,-82,-73,-200,-200,-200,-200,-200,-200,-200,-200,-200,65
-200,-200,-80,-74,-200,-200,-200,-200,-200,-200,-200,-200,-200,65
-200,-200,-83,-200,-200,-200,-200,-200,-200,-200,-200,-200,-200,65
-200,-200,-82,-81,-200,-200,-200,-200,-200,-200,-200,-200,-200,65
-200,-200,-200,-76,-200,-200,-200,-200,-200,-200,-200,-200,-200,65
-200,-200,-200,-75,-200,-200,-200,-200,-200,-200,-200,-200,-200,65
-200,-200,-200,-77,-200,-200,-200,-200,-200,-200,-200,-200,-200,72
-200,-200,-200,-76,-200,-200,-200,-200,-200,-200,-200,-200,-200,72
-200,-200,-82,-82,-200,-200,-200,-200,-200,-200,-200,-200,-200,72
-200,-200,-200,-75,-200,-200,-200,-200,-200,-200,-200,-200,-200,72
-200,-200,-79,-77,-200,-200,-200,-200,-200,-200,-200,-200,-200,72
-200,-200,-200,-76,-200,-200,-200,-200,-200,-200,-200,-200,-200,72
-200,-200,-200,-75,-200,-200,-200,-200,-200,-200,-200,-200,-200,72
-200,-200,-200,-73,-200,-200,-200,-200,-200,-200,-200,-200,-200,72
-200,-200,-200,-74,-200,-200,-200,-200,-200,-200,-200,-200,-200,72
-200,-200,-200,-77,-200,-200,-200,-200,-200,-200,-200,-200,-200,78
-200,-200,-200,-76,-200,-200,-200,-200,-200,-200,-200,-200,-200,78
-200,-200,-200,-76,-200,-200,-200,-200,-200,-200,-200,-200,-200,78
-200,-200,-200,-78,-200,-200,-200,-200,-200,-200,-200,-200,-200,78
-200,-200,-200,-71,-200,-200,-200,-200,-200,-200,-200,-200,-200,78
-200,-200,-200,-72,-200,-200,-200,-200,-200,-200,-200,-200,-200,78
-200,-200,-200,-70,-200,-200,-200,-200,-200,-200,-200,-200,-200,85
-200,-200,-200,-78,-200,-200,-200,-200,-200,-200,-200,-200,-200,93
-200,-200,-200,-77,-200,-200,-200,-200,-200,-200,-200,-200,-200,93
-200,-200,-200,-73,-200,-200,-200,-200,-200,-200,-200,-200,-200,93
-200,-200,-200,-77,-200,-200,-200,-200,-200,-200,-200,-200,-200,99
-200,-200,-200,-70,-200,-200,-200,-200,-200,-200,-200,-200,-200,99
-200,-200,-200,-71,-200,-200,-200,-200,-200,-200,-200,-200,-200,99
-200,-200,-200,-72,-200,-200,-200,-200,-200,-200,-200,-200,-200,99
-200,-200,-200,-74,-200,-200,-200,-200,-200,-200,-200,-200,-200,99
-200,-200,-200,-78,-200,-200,-200,-200,-200,-200,-200,-200,-200,99
-200,-200,-200,-80,-200,-200,-200,-200,-200,-200,-200,-200,-200,99
-200,-200,-200,-71,-200,-200,-200,-200,-200,-200,-200,-200,-200,100
-200,-200,-200,-70,-200,-200,-200,-200,-200,-200,-200,-200,-200,100
-200,-200,-200,-72,-200,-200,-200,-200,-200,-200,-200,-200,-200,100
-200,-200,-200,-70,-200,-200,-200,-200,-200,-200,-200,-200,-200,94
-200,-200,-200,-68,-200,-200,-200,-200,-200,-200,-200,-200,-200,94
-200,-200,-200,-67,-200,-200,-200,-200,-200,-200,-200,-200,-200,94
-200,-200,-200,-67,-200,-200,-200,-200,-200,-200,-200,-200,-200,94
-200,-200,-200,-69,-200,-200,-200,-200,-200,-200,-200,-200,-200,94
-200,-200,-200,-69,-200,-200,-200,-200,-200,-200,-200,-200,-200,94
-200,-200,-200,-61,-200,-200,-200,-200,-200,-200,-200,-200,-200,86
-200,-200,-200,-59,-200,-200,-200,-200,-200,-200,-200,-200,-200,86
-200,-200,-81,-62,-200,-200,-200,-200,-200,-200,-200,-200,-200,86
-200,-200,-80,-66,-200,-200,-200,-200,-200,-200,-200,-200,-200,86
-200,-200,-200,-64,-200,-200,-200,-200,-200,-200,-200,-200,-200,86
-200,-200,-200,-61,-200,-200,-200,-200,-200,-200,-200,-200,-200,86
-200,-200,-81,-72,-200,-200,-200,-200,-200,-200,-200,-200,-200,79
-200,-200,-80,-69,-200,-200,-200,-200,-200,-200,-200,-200,-200,79
-200,-200,-200,-72,-200,-200,-200,-200,-200,-200,-200,-200,-200,79
-200,-200,-76,-77,-200,-200,-200,-200,-200,-200,-200,-200,-200,79
-200,-200,-200,-69,-200,-200,-200,-200,-200,-200,-200,-200,-200,79
-200,-200,-78,-200,-200,-200,-200,-200,-200,-200,-200,-200,-200,73
-200,-200,-75,-79,-200,-200,-200,-200,-200,-200,-200,-200,-200,73
-200,-200,-76,-80,-200,-200,-200,-200,-200,-200,-200,-200,-200,73
-200,-78,-200,-81,-200,-200,-200,-200,-200,-200,-200,-200,-200,73
-200,-200,-76,-200,-200,-200,-200,-200,-200,-200,-200,-200,-200,73
-200,-78,-75,-200,-200,-200,-200,-200,-200,-200,-200,-200,-200,73
-200,-200,-75,-200,-200,-200,-80,-200,-200,-200,-200,-200,-200,73
-200,-78,-73,-200,-200,-200,-80,-200,-200,-200,-200,-200,-200,73
-200,-79,-76,-200,-200,-200,-200,-200,-200,-200,-200,-200,-200,66
-200,-80,-77,-200,-200,-200,-200,-200,-200,-200,-200,-200,-200,66
-200,-200,-72,-200,-200,-200,-200,-200,-200,-200,-200,-200,-200,66
-200,-79,-82,-200,-200,-200,-200,-200,-200,-200,-200,-200,-200,66
-200,-200,-67,-200,-200,-200,-200,-200,-200,-200,-200,-200,-200,60
-200,-77,-64,-200,-200,-200,-200,-200,-200,-200,-200,-200,-200,60
-200,-76,-72,-200,-200,-200,-200,-200,-200,-200,-200,-200,-200,60
-200,-79,-76,-200,-200,-200,-200,-200,-200,-200,-200,-200,-200,60
-200,-200,-70,-200,-200,-200,-200,-200,-200,-200,-200,-200,-200,60
-200,-200,-75,-200,-200,-200,-200,-200,-200,-200,-200,-200,-200,60
-200,-76,-67,-200,-200,-77,-200,-200,-200,-200,-200,-200,-200,60
-200,-80,-62,-200,-200,-82,-200,-200,-200,-200,-200,-200,-200,60
-200,-76,-63,-200,-200,-80,-200,-200,-200,-200,-200,-200,-200,60
-200,-72,-57,-200,-200,-75,-200,-200,-200,-200,-200,-200,-200,60
-200,-76,-64,-200,-200,-76,-200,-200,-200,-200,-200,-200,-200,60
-200,-76,-61,-200,-200,-200,-200,-200,-200,-200,-200,-200,-200,60
-200,-80,-61,-200,-200,-200,-200,-200,-200,-200,-200,-200,-200,53
-200,-80,-61,-200,-200,-78,-200,-200,-200,-200,-200,-200,-200,53
-200,-77,-200,-200,-200,-200,-200,-200,-200,-200,-200,-200,-200,53
-200,-75,-69,-200,-200,-200,-200,-200,-200,-200,-200,-200,-200,53
-200,-74,-72,-200,-200,-200,-200,-200,-200,-200,-200,-200,-200,53
-200,-74,-200,-200,-200,-200,-200,-200,-200,-200,-200,-200,-200,47
-200,-200,-75,-200,-200,-200,-200,-200,-200,-200,-200,-200,-200,47
-200,-200,-76,-200,-200,-200,-200,-200,-200,-200,-200,-200,-200,47
-200,-200,-79,-200,-200,-200,-200,-200,-200,-200,-200,-200,-200,47
-200,-80,-79,-200,-200,-200,-200,-200,-200,-200,-200,-200,-200,47
-200,-72,-200,-200,-200,-200,-200,-200,-200,-200,-200,-200,-200,47
-200,-74,-200,-200,-200,-200,-200,-200,-200,-200,-200,-200,-200,47
-200,-72,-200,-200,-200,-200,-200,-200,-200,-200,-200,-200,-200,47
-200,-71,-80,-200,-200,-200,-200,-200,-200,-200,-200,-200,-200,47
-200,-71,-81,-200,-200,-200,-200,-200,-200,-200,-200,-200,-200,38
-200,-70,-79,-200,-200,-200,-200,-200,-200,-200,-200,-200,-200,38
-200,-63,-200,-200,-200,-200,-200,-200,-200,-200,-200,-200,-200,38
-200,-65,-200,-200,-200,-200,-200,-200,-200,-200,-200,-200,-200,38
-200,-65,-200,-200,-200,-200,-200,-200,-200,-200,-200,-200,-200,38
-200,-65,-200,-200,-200,-200,-200,-200,-200,-200,-200,-200,-200,38
-200,-69,-200,-200,-200,-80,-200,-200,-200,-200,-200,-200,-200,38
-200,-200,-86,-200,-200,-200,-200,-200,-200,-200,-200,-200,-200,38
-200,-66,-82,-200,-200,-81,-200,-200,-200,-200,-200,-200,-200,30
-200,-65,-200,-200,-200,-200,-200,-200,-200,-200,-200,-200,-200,30
-200,-64,-200,-200,-200,-200,-200,-200,-200,-200,-200,-200,-200,30
-200,-66,-200,-200,-200,-200,-200,-200,-200,-200,-200,-200,-200,30
-200,-61,-200,-200,-200,-200,-200,-200,-200,-200,-200,-200,-200,30
-200,-65,-200,-200,-200,-200,-200,-200,-200,-200,-200,-200,-200,30
-200,-62,-200,-200,-200,-200,-200,-200,-200,-200,-200,-200,-200,30
-200,-63,-200,-200,-200,-200,-200,-200,-200,-200,-200,-200,-200,30
-200,-67,-78,-200,-200,-200,-200,-200,-200,-200,-200,-200,-200,30
-200,-65,-200,-200,-200,-200,-200,-200,-200,-200,-200,-200,-200,30
-200,-65,-80,-200,-200,-200,-200,-200,-200,-200,-200,-200,-200,30
-200,-65,-76,-200,-200,-200,-200,-200,-200,-200,-200,-200,-200,30
-200,-65,-200,-200,-200,-200,-200,-200,-200,-200,-200,-200,-200,20
-200,-69,-80,-200,-200,-200,-200,-200,-200,-200,-200,-200,-200,20
-200,-67,-200,-200,-200,-200,-200,-200,-200,-200,-200,-200,-200,20
-200,-67,-200,-200,-200,-200,-200,-200,-200,-200,-200,-200,-200,20
-200,-66,-200,-200,-200,-200,-200,-200,-200,-200,-200,-200,-200,20
-200,-75,-82,-200,-200,-200,-200,-200,-200,-200,-200,-200,-200,20
-200,-72,-200,-200,-200,-200,-200,-200,-200,-200,-200,-200,-200,20
-200,-74,-80,-200,-200,-200,-200,-200,-200,-200,-200,-200,-200,20
-200,-64,-200,-200,-200,-200,-200,-200,-200,-200,-200,-200,-200,9
-200,-64,-200,-200,-200,-200,-200,-200,-200,-200,-200,-200,-200,9
-200,-77,-200,-200,-200,-200,-200,-200,-200,-200,-200,-200,-200,9
-200,-75,-200,-200,-200,-200,-200,-200,-200,-200,-200,-200,-200,9
-75,-198,-200,-200,-200,-200,-200,-200,-200,-200,-200,-200,-200,9
-200,-67,-200,-200,-200,-200,-200,-200,-200,-200,-200,-200,-200,10
-200,-72,-200,-200,-200,-200,-200,-200,-200,-200,-200,-200,-200,10
-200,-70,-200,-200,-200,-200,-200,-200,-200,-200,-200,-200,-200,10
-200,-74,-200,-200,-200,-200,-200,-200,-200,-200,-200,-200,-200,10
-200,-77,-200,-200,-200,-200,-200,-200,-200,-200,-200,-200,-200,10
-200,-65,-200,-200,-200,-200,-200,-200,-200,-200,-200,-200,-200,10
-200,-63,-200,-200,-200,-200,-200,-200,-200,-200,-200,-200,-200,21
-200,-64,-200,-200,-200,-200,-200,-81,-200,-200,-200,-200,-200,21
-200,-68,-200,-200,-200,-200,-200,-200,-200,-200,-200,-200,-200,21
-200,-70,-200,-200,-200,-200,-200,-200,-200,-200,-200,-200,-200,21
-200,-66,-200,-200,-82,-200,-200,-200,-200,-200,-200,-200,-200,21
-200,-65,-200,-200,-200,-200,-200,-200,-200,-200,-200,-200,-200,21
-200,-71,-200,-200,-200,-200,-200,-200,-200,-200,-200,-200,-200,31
-200,-75,-200,-200,-200,-200,-200,-200,-200,-200,-200,-200,-200,31
-200,-68,-200,-200,-200,-200,-200,-200,-200,-200,-200,-200,-200,31
-200,-69,-200,-200,-200,-200,-200,-200,-200,-200,-200,-200,-200,31
-200,-69,-200,-200,-200,-200,-200,-200,-200,-200,-200,-200,-200,31
-200,-77,-200,-78,-200,-76,-200,-200,-200,-200,-200,-200,-200,31
-200,-80,-200,-200,-200,-78,-200,-200,-200,-200,-200,-200,-200,31
-200,-200,-200,-200,-200,-73,-200,-200,-200,-200,-200,-200,-200,39
-200,-200,-200,-200,-200,-73,-200,-200,-200,-200,-200,-200,-200,39
-200,-76,-200,-80,-200,-200,-200,-200,-200,-200,-200,-200,-200,39
-200,-80,-200,-200,-200,-200,-200,-200,-200,-200,-200,-200,-200,39
-200,-76,-200,-200,-200,-200,-200,-200,-200,-200,-200,-200,-200,39
-200,-200,-200,-200,-80,-200,-200,-200,-200,-200,-200,-200,-200,48
-200,-80,-200,-200,-78,-200,-200,-200,-200,-200,-200,-200,-200,48
-200,-200,-200,-200,-200,-78,-200,-200,-200,-200,-200,-200,-200,48
-200,-200,-200,-200,-200,-81,-200,-200,-200,-200,-200,-200,-200,48
-200,-200,-200,-77,-200,-77,-200,-200,-200,-200,-200,-200,-200,48
-200,-200,-200,-200,-200,-77,-200,-200,-200,-200,-200,-200,-200,54
-200,-200,-200,-200,-200,-75,-200,-200,-200,-200,-200,-200,-200,54
-200,-200,-200,-200,-200,-78,-200,-200,-200,-200,-200,-200,-200,54
-200,-200,-200,-200,-200,-72,-200,-200,-200,-200,-200,-200,-200,54
-200,-200,-200,-200,-200,-77,-200,-200,-200,-200,-200,-200,-200,54
-200,-200,-200,-79,-82,-200,-200,-200,-200,-200,-200,-200,-200,54
-200,-200,-200,-80,-200,-76,-200,-200,-200,-200,-200,-200,-200,61
-200,-200,-200,-79,-200,-77,-200,-200,-200,-200,-200,-200,-200,61
-200,-200,-200,-73,-200,-80,-200,-200,-200,-200,-200,-200,-200,61
-200,-200,-200,-73,-200,-200,-200,-200,-200,-200,-200,-200,-200,61
-200,-200,-200,-81,-200,-73,-200,-200,-200,-200,-200,-200,-200,61
-200,-200,-200,-78,-200,-74,-200,-200,-200,-200,-200,-200,-200,61
-200,-200,-200,-77,-200,-200,-200,-200,-200,-200,-200,-200,-200,61
-200,-200,-200,-77,-200,-200,-200,-200,-200,-200,-200,-200,-200,61
-200,-200,-200,-71,-200,-200,-200,-200,-200,-200,-200,-200,-200,61
-200,-200,-200,-72,-200,-200,-200,-200,-200,-200,-200,-200,-200,61
-200,-200,-200,-72,-200,-200,-200,-200,-200,-200,-200,-200,-200,61
-200,-200,-200,-76,-200,-200,-200,-200,-200,-200,-200,-200,-200,61
-200,-200,-200,-76,-200,-78,-200,-200,-200,-200,-200,-200,-200,67
-200,-200,-200,-80,-200,-80,-200,-200,-200,-200,-200,-200,-200,67
-200,-200,-200,-72,-200,-200,-200,-200,-200,-200,-200,-200,-200,67
-200,-200,-200,-71,-200,-200,-200,-200,-200,-200,-200,-200,-200,67
-200,-200,-200,-200,-200,-75,-200,-200,-200,-200,-200,-200,-200,67
-200,-200,-200,-79,-200,-75,-200,-200,-200,-200,-200,-200,-200,67
-200,-200,-200,-200,-200,-80,-200,-200,-200,-200,-200,-200,-200,74
-200,-200,-200,-75,-200,-200,-200,-200,-200,-200,-200,-200,-200,74
-200,-200,-200,-74,-200,-200,-200,-200,-200,-200,-200,-200,-200,74
-200,-200,-200,-79,-200,-200,-200,-200,-200,-200,-200,-200,-200,74
-200,-200,-200,-72,-200,-200,-200,-200,-200,-200,-200,-200,-200,74
-200,-200,-200,-76,-200,-200,-200,-200,-200,-200,-200,-200,-200,74
-200,-200,-200,-69,-200,-200,-200,-200,-200,-200,-200,-200,-200,74
-200,-200,-200,-69,-200,-200,-200,-200,-200,-200,-200,-200,-200,74
-200,-200,-200,-75,-200,-200,-200,-200,-200,-200,-200,-200,-200,74
-200,-200,-200,-67,-200,-200,-200,-200,-200,-200,-200,-200,-200,74
-200,-200,-200,-81,-200,-200,-200,-200,-200,-200,-200,-200,-200,74
-200,-80,-200,-78,-200,-200,-200,-200,-200,-200,-200,-200,-200,74
-200,-200,-200,-70,-200,-200,-81,-200,-200,-200,-200,-200,-200,80
-200,-200,-200,-65,-200,-200,-200,-200,-200,-200,-200,-200,-200,80
-200,-200,-200,-200,-200,-200,-79,-200,-200,-200,-200,-200,-200,80
-200,-200,-200,-77,-200,-200,-81,-200,-200,-200,-200,-200,-200,80
-200,-200,-200,-76,-200,-200,-200,-200,-200,-200,-200,-200,-200,80
-200,-200,-200,-75,-200,-200,-200,-200,-200,-200,-200,-200,-200,80
-200,-200,-200,-79,-200,-200,-200,-200,-200,-200,-200,-200,-200,80
-200,-200,-200,-71,-200,-200,-200,-200,-200,-200,-200,-200,-200,80
-200,-200,-200,-70,-200,-200,-200,-200,-200,-200,-200,-200,-200,87
-200,-200,-200,-76,-200,-200,-200,-200,-200,-200,-200,-200,-200,87
-200,-200,-200,-70,-200,-200,-200,-200,-200,-200,-200,-200,-200,87
-200,-200,-200,-70,-200,-200,-200,-200,-200,-200,-200,-200,-200,87
-200,-200,-200,-65,-200,-200,-82,-200,-200,-200,-200,-200,-200,87
-200,-200,-200,-78,-200,-200,-200,-200,-200,-200,-200,-200,-200,95
-200,-200,-200,-76,-200,-200,-200,-200,-200,-200,-200,-200,-200,95
-200,-200,-200,-200,-200,-200,-79,-200,-200,-200,-200,-200,-200,95
-200,-200,-200,-80,-200,-200,-200,-200,-200,-200,-200,-200,-200,95
-200,-200,-200,-81,-200,-200,-200,-200,-200,-200,-200,-200,-200,95
-200,-200,-200,-77,-200,-200,-200,-200,-200,-200,-200,-200,-200,101
-200,-200,-200,-77,-200,-200,-200,-200,-200,-200,-200,-200,-200,101
-200,-200,-200,-71,-200,-200,-200,-200,-200,-200,-200,-200,-200,101
-200,-200,-200,-71,-200,-200,-200,-200,-200,-200,-200,-200,-200,101
-200,-200,-200,-78,-200,-200,-79,-200,-200,-200,-200,-200,-200,88
-200,-200,-200,-78,-200,-200,-200,-200,-200,-200,-200,-200,-200,88
-200,-200,-200,-200,-200,-200,-79,-200,-200,-200,-200,-200,-200,88
-200,-200,-200,-82,-200,-200,-78,-200,-200,-200,-200,-200,-200,88
-200,-200,-200,-77,-200,-200,-82,-200,-200,-200,-200,-200,-200,88
-200,-200,-200,-74,-200,-200,-200,-200,-200,-200,-200,-200,-200,88
-200,-200,-200,-200,-200,-200,-76,-200,-200,-200,-200,-200,-200,81
-200,-200,-200,-78,-200,-200,-79,-200,-200,-200,-200,-200,-200,81
-200,-200,-200,-200,-200,-200,-80,-200,-200,-200,-200,-200,-200,81
-200,-200,-200,-200,-200,-75,-200,-200,-200,-200,-200,-200,-200,75
-200,-200,-200,-200,-200,-80,-200,-200,-200,-200,-200,-200,-200,75
-200,-200,-200,-80,-200,-80,-200,-200,-200,-200,-200,-200,-200,68
-200,-200,-200,-200,-200,-78,-200,-200,-200,-200,-200,-200,-200,68
-200,-200,-200,-81,-200,-76,-200,-200,-200,-200,-200,-200,-200,68
-200,-200,-200,-200,-200,-76,-200,-200,-200,-200,-200,-200,-200,68
-200,-200,-200,-200,-200,-73,-200,-200,-200,-200,-200,-200,-200,62
-200,-200,-200,-200,-200,-68,-200,-200,-200,-200,-200,-200,-200,62
-200,-200,-200,-200,-200,-66,-200,-200,-200,-200,-200,-200,-200,62
-200,-200,-200,-200,-200,-80,-200,-200,-200,-200,-200,-200,-200,62
-200,-200,-200,-200,-200,-77,-200,-200,-200,-200,-200,-200,-200,62
-200,-200,-200,-200,-200,-69,-200,-200,-200,-200,-200,-200,-200,62
-200,-200,-200,-200,-200,-72,-200,-200,-200,-200,-200,-200,-200,62
-200,-200,-200,-200,-200,-66,-200,-200,-200,-200,-200,-200,-200,55
-200,-200,-200,-200,-200,-66,-200,-200,-200,-200,-200,-200,-200,55
-200,-200,-200,-200,-200,-67,-200,-200,-200,-200,-200,-200,-200,55
-200,-200,-200,-200,-200,-62,-200,-200,-200,-200,-200,-200,-200,55
-200,-200,-200,-200,-200,-68,-200,-200,-200,-200,-200,-200,-200,55
-200,-200,-200,-200,-200,-66,-200,-200,-200,-200,-200,-200,-200,55
-200,-200,-200,-200,-80,-76,-200,-200,-200,-200,-200,-200,-200,49
-200,-200,-200,-200,-200,-68,-200,-200,-200,-200,-200,-200,-200,49
-200,-200,-200,-200,-200,-69,-200,-200,-200,-200,-200,-200,-200,49
-200,-80,-200,-200,-80,-70,-200,-200,-200,-200,-200,-200,-200,49
-200,-200,-200,-200,-78,-71,-200,-200,-200,-200,-200,-200,-200,49
-200,-200,-200,-200,-81,-71,-200,-200,-200,-200,-200,-200,-200,49
-200,-200,-200,-200,-74,-200,-200,-200,-200,-200,-200,-200,-200,49
-200,-200,-200,-200,-83,-200,-200,-200,-200,-200,-200,-200,-200,49
-200,-200,-200,-200,-200,-86,-200,-200,-200,-200,-200,-200,-200,49
-200,-200,-200,-200,-81,-83,-200,-200,-200,-200,-200,-200,-200,49
-200,-200,-200,-200,-77,-200,-200,-200,-200,-200,-200,-200,-200,40
-200,-200,-200,-200,-79,-200,-200,-200,-200,-200,-200,-200,-200,40
-200,-200,-200,-200,-81,-200,-200,-200,-200,-200,-200,-200,-200,40
-200,-200,-200,-200,-82,-200,-200,-200,-200,-200,-200,-200,-200,40
-200,-200,-200,-200,-79,-80,-200,-200,-200,-200,-200,-200,-200,40
-200,-200,-200,-200,-73,-200,-200,-200,-200,-200,-200,-200,-200,40
-200,-200,-200,-200,-200,-81,-200,-200,-200,-200,-200,-200,-200,40
-200,-200,-200,-200,-78,-75,-200,-200,-200,-200,-200,-200,-200,40
-200,-200,-200,-200,-78,-200,-200,-200,-200,-200,-200,-200,-200,40
-200,-200,-200,-200,-200,-81,-200,-200,-200,-200,-200,-200,-200,32
-200,-200,-200,-200,-79,-77,-200,-200,-200,-200,-200,-200,-200,32
-200,-200,-200,-200,-72,-200,-200,-200,-200,-200,-200,-200,-200,32
-200,-78,-200,-200,-200,-200,-200,-200,-200,-200,-200,-200,-200,32
-200,-78,-200,-200,-76,-200,-200,-200,-200,-200,-200,-200,-200,32
-200,-76,-200,-200,-74,-200,-200,-200,-200,-200,-200,-200,-200,32
-200,-78,-200,-200,-200,-200,-200,-79,-200,-200,-200,-200,-200,22
-200,-71,-200,-200,-75,-200,-200,-200,-200,-200,-200,-200,-200,22
-200,-73,-200,-200,-77,-200,-200,-200,-200,-200,-200,-200,-200,22
-200,-75,-200,-200,-200,-200,-200,-200,-200,-200,-200,-200,-200,22
-200,-79,-200,-200,-77,-200,-200,-200,-200,-200,-200,-200,-200,22
-200,-72,-200,-200,-200,-200,-200,-78,-200,-200,-200,-200,-200,22
-200,-74,-200,-200,-80,-200,-200,-78,-200,-200,-200,-200,-200,11
-200,-74,-200,-200,-80,-200,-200,-80,-200,-200,-200,-200,-200,11
-200,-70,-200,-200,-73,-200,-200,-82,-200,-200,-200,-200,-200,11
-200,-70,-200,-200,-81,-200,-200,-79,-200,-200,-200,-200,-200,11
-200,-69,-200,-200,-77,-200,-200,-200,-200,-200,-200,-200,-200,11
-200,-67,-200,-200,-81,-200,-200,-200,-200,-200,-200,-200,-200,11
-71,-198,-200,-200,-200,-200,-200,-200,-200,-200,-200,-200,-200,4
-68,-198,-200,-200,-200,-200,-200,-200,-200,-200,-200,-200,-200,4
-200,-69,-200,-200,-200,-200,-200,-200,-200,-200,-200,-200,-200,9
-200,-73,-200,-200,-200,-80,-200,-200,-200,-200,-200,-200,-200,9
-200,-60,-200,-200,-200,-200,-200,-200,-200,-200,-200,-200,-200,20
-200,-59,-200,-200,-79,-200,-200,-200,-200,-200,-200,-200,-200,20
-200,-66,-200,-200,-200,-200,-200,-200,-200,-200,-200,-200,-200,20
-200,-64,-200,-200,-200,-200,-200,-200,-200,-200,-200,-200,-200,20
-200,-72,-200,-200,-200,-200,-200,-200,-200,-200,-200,-200,-200,18
-200,-77,-200,-200,-200,-200,-200,-200,-200,-200,-200,-200,-200,18
-200,-200,-200,-200,-63,-200,-200,-200,-200,-200,-200,-200,-200,23
-200,-200,-200,-200,-60,-200,-200,-78,-200,-200,-200,-200,-200,23
-200,-200,-200,-200,-61,-200,-200,-200,-200,-200,-200,-200,-200,23
-200,-200,-200,-200,-61,-200,-200,-200,-200,-200,-200,-200,-200,23
-200,-200,-200,-200,-66,-200,-200,-200,-200,-200,-200,-200,-200,12
-200,-82,-200,-200,-68,-200,-200,-83,-200,-200,-200,-200,-200,12
-200,-79,-200,-200,-68,-200,-200,-77,-200,-200,-200,-200,-200,12
-200,-200,-200,-200,-74,-200,-200,-79,-200,-200,-200,-200,-200,12
-200,-200,-200,-200,-200,-200,-200,-68,-200,-81,-200,-200,-200,15
-200,-200,-200,-200,-200,-200,-200,-72,-200,-80,-200,-200,-200,15
-200,-200,-200,-200,-78,-200,-200,-70,-200,-200,-200,-200,-200,15
-200,-200,-200,-200,-200,-200,-200,-61,-200,-200,-200,-200,-200,15
-200,-200,-200,-200,-200,-200,-200,-63,-200,-200,-200,-200,-200,25
-200,-200,-200,-200,-77,-200,-200,-64,-200,-200,-200,-200,-200,25
-200,-200,-200,-200,-200,-200,-200,-200,-56,-200,-200,-200,-200,2
-200,-200,-200,-200,-200,-200,-200,-200,-55,-200,-200,-200,-200,2
-200,-200,-200,-200,-200,-200,-200,-200,-58,-200,-200,-200,-200,2
-200,-200,-200,-200,-200,-200,-200,-200,-58,-200,-200,-200,-200,2
-200,-200,-200,-200,-200,-200,-200,-200,-77,-200,-200,-200,-200,3
-200,-200,-200,-200,-200,-200,-200,-200,-71,-200,-200,-200,-200,3
-200,-200,-200,-200,-200,-200,-200,-200,-200,-78,-200,-200,-200,5
-200,-200,-200,-200,-200,-200,-200,-200,-200,-79,-200,-200,-200,5
-200,-200,-200,-200,-200,-200,-200,-200,-200,-66,-85,-200,-200,26
-200,-200,-200,-200,-200,-200,-200,-200,-200,-61,-75,-200,-200,26
-200,-200,-200,-200,-200,-200,-200,-200,-200,-200,-69,-200,-200,43
-200,-200,-200,-200,-200,-200,-200,-200,-200,-200,-73,-79,-200,43
-200,-200,-200,-200,-200,-200,-200,-200,-200,-78,-200,-81,-81,43
-200,-200,-200,-200,-200,-200,-200,-200,-200,-200,-71,-82,-200,43
-200,-200,-200,-200,-200,-200,-200,-200,-200,-200,-81,-81,-200,43
-200,-200,-200,-200,-200,-200,-200,-79,-200,-200,-200,-66,-200,82
-200,-200,-200,-200,-200,-200,-200,-200,-200,-200,-200,-61,-200,82
-200,-200,-200,-200,-200,-200,-200,-200,-200,-200,-200,-68,-79,82
-200,-200,-200,-200,-200,-200,-200,-200,-200,-200,-200,-68,-200,82
-200,-200,-200,-200,-200,-200,-200,-200,-200,-200,-200,-200,-76,96
-200,-200,-200,-200,-200,-200,-200,-200,-200,-200,-200,-81,-81,96
-200,-200,-200,-200,-200,-200,-200,-200,-200,-200,-200,-199,-61,104
-200,-200,-200,-200,-200,-200,-200,-200,-200,-200,-200,-199,-62,104
-200,-200,-200,-200,-200,-200,-200,-200,-200,-200,-200,-200,-75,104
-200,-200,-200,-200,-200,-200,-200,-200,-200,-200,-200,-199,-71,104
-200,-200,-200,-200,-200,-200,-200,-200,-200,-200,-200,-199,-67,104
-200,-200,-200,-200,-200,-200,-200,-200,-200,-200,-200,-200,-75,104
-200,-200,-200,-200,-72,-200,-200,-200,-200,-200,-200,-200,-200,12
-200,-200,-200,-200,-72,-200,-200,-200,-200,-200,-200,-200,-200,12
-200,-200,-200,-200,-72,-200,-84,-200,-200,-200,-200,-200,-200,12
-200,-80,-200,-200,-72,-200,-200,-200,-200,-200,-200,-200,-200,12
-73,-198,-200,-200,-200,-200,-200,-73,-200,-200,-200,-200,-200,13
-200,-72,-200,-200,-79,-200,-200,-200,-200,-200,-200,-200,-200,8
-200,-73,-200,-200,-78,-200,-200,-200,-200,-200,-200,-200,-200,9
-200,-79,-200,-200,-200,-200,-200,-200,-200,-200,-200,-200,-200,10
-200,-79,-200,-200,-81,-200,-200,-200,-200,-200,-200,-200,-200,10
-200,-73,-200,-200,-78,-200,-200,-200,-200,-200,-200,-200,-200,10
-200,-75,-200,-200,-75,-200,-200,-200,-200,-200,-200,-200,-200,11
-200,-76,-200,-200,-75,-200,-200,-200,-200,-200,-200,-200,-200,11
-200,-81,-200,-200,-70,-200,-200,-200,-200,-200,-200,-200,-200,11
-200,-81,-200,-200,-70,-200,-200,-200,-200,-200,-200,-200,-200,11
-200,-76,-200,-200,-81,-200,-200,-78,-200,-200,-200,-200,-200,12
-200,-200,-200,-200,-200,-200,-200,-75,-200,-200,-200,-200,-200,13
-78,-198,-200,-200,-78,-200,-200,-77,-200,-200,-200,-200,-200,13
-80,-198,-200,-200,-80,-200,-200,-79,-200,-200,-200,-200,-200,13
-200,-78,-200,-200,-79,-200,-200,-200,-200,-200,-200,-200,-200,13
-200,-74,-200,-200,-78,-200,-200,-81,-200,-200,-200,-200,-200,13
-200,-76,-200,-200,-79,-200,-200,-200,-200,-200,-200,-200,-200,13
-200,-77,-200,-200,-78,-200,-200,-200,-200,-200,-200,-200,-200,11
-200,-72,-200,-200,-75,-200,-200,-200,-200,-200,-200,-200,-200,11
-200,-77,-200,-200,-200,-200,-200,-200,-200,-200,-200,-200,-200,11
-200,-72,-200,-200,-76,-200,-200,-200,-200,-200,-200,-200,-200,22
-200,-68,-200,-200,-200,-200,-200,-200,-200,-200,-200,-200,-200,22
-200,-71,-200,-200,-69,-200,-200,-200,-200,-200,-200,-200,-200,22
-200,-74,-200,-200,-70,-200,-200,-200,-200,-200,-200,-200,-200,22
-200,-200,-200,-200,-74,-80,-200,-200,-200,-200,-200,-200,-200,23
-200,-200,-200,-200,-73,-200,-200,-200,-200,-200,-200,-200,-200,23
-200,-200,-200,-200,-77,-200,-200,-200,-200,-200,-200,-200,-200,23
-200,-80,-200,-200,-73,-200,-200,-200,-200,-200,-200,-200,-200,23
-200,-83,-200,-200,-74,-200,-200,-75,-200,-200,-200,-200,-200,24
-200,-200,-200,-200,-72,-200,-200,-80,-200,-200,-200,-200,-200,24
-200,-200,-200,-200,-74,-200,-200,-200,-200,-200,-200,-200,-200,24
-200,-69,-200,-200,-200,-200,-200,-200,-200,-200,-200,-200,-200,6
-200,-69,-200,-200,-200,-200,-200,-200,-200,-200,-200,-200,-200,6
-200,-69,-200,-200,-200,-200,-200,-200,-200,-200,-200,-200,-200,6
-200,-74,-200,-200,-200,-200,-200,-200,-200,-200,-200,-200,-200,7
-200,-200,-200,-200,-80,-200,-200,-200,-200,-200,-200,-200,-200,7
-200,-77,-200,-200,-200,-78,-200,-200,-200,-200,-200,-200,-200,7
-200,-62,-200,-200,-200,-200,-200,-200,-200,-200,-200,-200,-200,7
-200,-78,-200,-200,-200,-200,-200,-200,-200,-200,-200,-200,-200,8
-200,-74,-200,-200,-200,-200,-200,-200,-200,-200,-200,-200,-200,6
-200,-78,-200,-200,-200,-200,-200,-200,-200,-200,-200,-200,-200,6
-200,-66,-200,-200,-200,-200,-200,-200,-200,-200,-200,-200,-200,6
-200,-71,-200,-200,-200,-200,-200,-200,-200,-200,-200,-200,-200,6
-200,-75,-200,-200,-200,-200,-200,-200,-200,-200,-200,-200,-200,6
-200,-69,-200,-200,-200,-200,-200,-200,-200,-200,-200,-200,-200,6
-200,-67,-200,-200,-200,-200,-200,-200,-200,-200,-200,-200,-200,17
-200,-200,-200,-200,-200,-78,-200,-200,-200,-200,-200,-200,-200,17
-200,-65,-200,-200,-200,-200,-200,-200,-200,-200,-200,-200,-200,17
-200,-78,-200,-200,-200,-80,-200,-200,-200,-200,-200,-200,-200,17
-200,-64,-200,-200,-200,-200,-200,-200,-200,-200,-200,-200,-200,7
-200,-66,-200,-200,-200,-200,-200,-200,-200,-200,-200,-200,-200,7
-200,-65,-200,-200,-200,-200,-200,-200,-200,-200,-200,-200,-200,7
-200,-65,-200,-200,-200,-200,-200,-200,-200,-200,-200,-200,-200,7
-200,-66,-200,-200,-200,-200,-200,-200,-200,-200,-200,-200,-200,7
-200,-73,-200,-200,-200,-200,-200,-200,-200,-200,-200,-200,-200,7
-200,-71,-81,-200,-200,-200,-200,-200,-200,-200,-200,-200,-200,18
-200,-72,-200,-200,-200,-200,-200,-200,-200,-200,-200,-200,-200,18
-200,-74,-200,-200,-200,-200,-200,-200,-200,-200,-200,-200,-200,18
-200,-67,-200,-200,-200,-200,-200,-200,-200,-200,-200,-200,-200,18
-200,-200,-200,-200,-200,-78,-200,-200,-200,-200,-200,-200,-200,27
-200,-83,-200,-200,-200,-200,-200,-200,-200,-200,-200,-200,-200,28
-200,-80,-200,-200,-200,-200,-200,-200,-200,-200,-200,-200,-200,28
-200,-78,-200,-200,-200,-200,-200,-200,-200,-200,-200,-200,-200,28
-200,-200,-80,-200,-200,-80,-200,-200,-200,-200,-200,-200,-200,35
-200,-200,-77,-200,-200,-200,-200,-200,-200,-200,-200,-200,-200,35
-200,-80,-79,-200,-200,-200,-200,-200,-200,-200,-200,-200,-200,35
-200,-200,-200,-200,-200,-78,-200,-200,-200,-200,-200,-200,-200,36
-200,-200,-200,-200,-200,-80,-200,-200,-200,-200,-200,-200,-200,36
-200,-200,-200,-200,-200,-80,-200,-200,-200,-200,-200,-200,-200,36
-200,-200,-77,-200,-200,-200,-200,-200,-200,-200,-200,-200,-200,44
-200,-200,-76,-200,-200,-80,-200,-200,-200,-200,-200,-200,-200,44
-200,-200,-79,-200,-200,-200,-200,-200,-200,-200,-200,-200,-200,44
-200,-200,-77,-200,-200,-200,-200,-200,-200,-200,-200,-200,-200,44
-200,-200,-79,-200,-200,-200,-200,-200,-200,-200,-200,-200,-200,44
-200,-200,-80,-200,-200,-77,-200,-200,-200,-200,-200,-200,-200,45
-200,-200,-200,-200,-200,-75,-200,-200,-200,-200,-200,-200,-200,45
-200,-200,-200,-200,-200,-75,-200,-200,-200,-200,-200,-200,-200,45
-200,-200,-200,-200,-200,-74,-200,-200,-200,-200,-200,-200,-200,45
-200,-200,-80,-200,-200,-200,-200,-200,-200,-200,-200,-200,-200,45
-200,-200,-75,-200,-200,-75,-200,-200,-200,-200,-200,-200,-200,45
-200,-200,-78,-200,-200,-200,-200,-200,-200,-200,-200,-200,-200,45
-200,-200,-200,-200,-200,-78,-200,-200,-200,-200,-200,-200,-200,50
-200,-200,-81,-200,-200,-200,-200,-200,-200,-200,-200,-200,-200,50
-200,-80,-79,-200,-200,-73,-200,-200,-200,-200,-200,-200,-200,50
-200,-200,-200,-200,-200,-72,-200,-200,-200,-200,-200,-200,-200,50
-200,-200,-79,-200,-200,-72,-200,-200,-200,-200,-200,-200,-200,50
-200,-200,-77,-200,-200,-200,-200,-200,-200,-200,-200,-200,-200,50
-200,-200,-79,-200,-200,-77,-200,-200,-200,-200,-200,-200,-200,51
-200,-200,-76,-200,-200,-74,-200,-200,-200,-200,-200,-200,-200,51
-200,-200,-78,-200,-200,-77,-200,-200,-200,-200,-200,-200,-200,51
-200,-200,-200,-200,-200,-76,-200,-200,-200,-200,-200,-200,-200,51
-200,-200,-72,-200,-200,-76,-200,-200,-200,-200,-200,-200,-200,51
-200,-200,-79,-200,-200,-77,-200,-200,-200,-200,-200,-200,-200,51
-200,-200,-200,-200,-200,-77,-200,-200,-200,-200,-200,-200,-200,57
-200,-200,-200,-200,-200,-81,-200,-200,-200,-200,-200,-200,-200,58
-200,-200,-200,-200,-80,-200,-200,-200,-200,-200,-200,-200,-200,58
-200,-69,-200,-86,-200,-87,-200,-200,-200,-200,-200,-200,-200,8
-200,-200,-200,-200,-78,-200,-200,-200,-200,-200,-200,-200,-200,8
-200,-75,-200,-200,-200,-200,-200,-200,-200,-200,-200,-200,-200,8
-200,-74,-200,-200,-72,-200,-200,-200,-200,-200,-200,-200,-200,12
-78,-78,-200,-200,-200,-200,-200,-200,-200,-200,-200,-200,-200,12
-200,-200,-200,-200,-73,-200,-200,-200,-200,-200,-200,-200,-200,12
-81,-198,-200,-200,-78,-200,-200,-77,-200,-200,-200,-200,-200,12
-81,-198,-200,-200,-73,-84,-200,-77,-200,-200,-200,-200,-200,13
-81,-198,-200,-200,-76,-200,-200,-74,-200,-200,-200,-200,-200,13
-200,-200,-200,-200,-80,-200,-200,-200,-200,-200,-200,-200,-200,13
-200,-200,-200,-200,-200,-77,-200,-200,-200,-200,-200,-200,-200,13
-79,-198,-200,-200,-200,-200,-200,-79,-200,-200,-200,-200,-200,13
-78,-198,-200,-200,-73,-200,-200,-67,-200,-200,-200,-200,-200,14
-200,-200,-200,-200,-74,-78,-200,-71,-200,-200,-200,-200,-200,14
-200,-200,-200,-200,-76,-200,-200,-65,-200,-200,-200,-200,-200,14
-200,-85,-200,-200,-200,-200,-200,-71,-200,-200,-200,-200,-200,14
-200,-200,-200,-200,-200,-200,-200,-70,-200,-200,-200,-200,-200,15
-200,-200,-200,-200,-200,-200,-200,-73,-200,-200,-200,-200,-200,15
-200,-200,-200,-200,-200,-77,-200,-73,-200,-81,-200,-200,-200,15
-200,-200,-200,-200,-200,-200,-200,-200,-60,-200,-200,-200,-200,2
-200,-78,-200,-200,-200,-200,-200,-200,-200,-200,-200,-200,-200,17
-200,-71,-200,-200,-200,-200,-200,-200,-200,-200,-200,-200,-200,17
-200,-200,-200,-200,-200,-77,-200,-200,-200,-200,-200,-200,-200,27
-200,-200,-200,-200,-200,-81,-200,-200,-200,-200,-200,-200,-200,27
-200,-72,-200,-200,-200,-200,-200,-200,-200,-200,-200,-200,-200,28
-200,-200,-82,-200,-200,-200,-200,-200,-200,-200,-200,-200,-200,29
-200,-79,-200,-200,-200,-200,-200,-200,-200,-200,-200,-200,-200,29
-200,-79,-200,-200,-200,-200,-200,-200,-200,-200,-200,-200,-200,29
-200,-75,-80,-200,-200,-200,-200,-200,-200,-200,-200,-200,-200,30
-200,-200,-200,-200,-200,-200,-200,-200,-72,-200,-200,-200,-200,2
-200,-200,-200,-200,-200,-200,-200,-200,-75,-200,-200,-200,-200,2
-200,-200,-200,-200,-200,-200,-200,-200,-65,-200,-200,-200,-200,1
-200,-200,-200,-200,-200,-200,-200,-200,-70,-200,-200,-200,-200,1
-200,-200,-200,-200,-200,-200,-200,-200,-73,-200,-200,-200,-200,0
-200,-200,-200,-200,-200,-200,-200,-200,-77,-200,-200,-200,-200,0
-200,-200,-200,-200,-200,-200,-200,-200,-81,-200,-200,-200,-200,0
-200,-84,-200,-200,-200,-200,-200,-200,-200,-200,-200,-200,-200,24
-200,-200,-200,-200,-66,-200,-200,-200,-200,-200,-200,-200,-200,23
-200,-200,-84,-200,-68,-200,-200,-200,-200,-200,-200,-200,-200,23
-200,-200,-200,-200,-73,-200,-200,-200,-200,-200,-200,-200,-200,23
-200,-200,-200,-200,-69,-200,-200,-200,-200,-200,-200,-200,-200,23
-200,-74,-200,-200,-71,-200,-200,-200,-200,-200,-200,-200,-200,23
-200,-80,-200,-200,-76,-200,-200,-81,-200,-200,-200,-200,-200,22
-200,-200,-200,-200,-75,-200,-200,-200,-200,-200,-200,-200,-200,22
-200,-76,-200,-200,-200,-200,-200,-200,-200,-200,-200,-200,-200,22
-200,-59,-200,-200,-200,-200,-200,-200,-200,-200,-200,-200,-200,21
-200,-62,-200,-200,-83,-200,-200,-200,-200,-200,-200,-200,-200,21
-200,-62,-200,-200,-76,-200,-200,-200,-200,-200,-200,-200,-200,21
-200,-65,-200,-200,-200,-200,-200,-200,-200,-200,-200,-200,-200,20
-200,-64,-200,-200,-200,-200,-200,-200,-200,-200,-200,-200,-200,20
-200,-79,-200,-200,-200,-200,-200,-200,-200,-200,-200,-200,-200,20
-200,-71,-200,-200,-200,-200,-200,-200,-200,-200,-200,-200,-200,20
-200,-67,-200,-200,-200,-200,-200,-200,-200,-200,-200,-200,-200,19
-200,-66,-200,-200,-200,-200,-200,-200,-200,-200,-200,-200,-200,19
-200,-67,-200,-200,-200,-200,-200,-200,-200,-200,-200,-200,-200,19
-200,-76,-200,-200,-200,-200,-200,-200,-200,-200,-200,-200,-200,19
-200,-71,-200,-200,-200,-200,-200,-200,-200,-200,-200,-200,-200,19
-200,-72,-79,-200,-200,-200,-200,-200,-200,-200,-200,-200,-200,18
-200,-75,-80,-200,-200,-200,-200,-200,-200,-200,-200,-200,-200,18
-200,-68,-200,-200,-200,-200,-200,-200,-200,-200,-200,-200,-200,18
-200,-76,-77,-200,-200,-200,-200,-200,-200,-200,-200,-200,-200,18
-200,-80,-200,-200,-200,-200,-200,-200,-200,-200,-200,-200,-200,17
-200,-75,-200,-200,-200,-200,-200,-200,-200,-200,-200,-200,-200,17
-200,-72,-74,-200,-200,-200,-200,-200,-200,-200,-200,-200,-200,30
-200,-73,-80,-200,-200,-200,-200,-200,-200,-200,-200,-200,-200,30
-200,-74,-80,-200,-200,-200,-200,-200,-200,-200,-200,-200,-200,30
-200,-73,-200,-200,-200,-200,-200,-200,-200,-200,-200,-200,-200,31
-200,-80,-79,-200,-200,-200,-200,-200,-200,-200,-200,-200,-200,31
-200,-70,-200,-200,-200,-200,-200,-200,-200,-200,-200,-200,-200,31
-200,-200,-200,-200,-77,-200,-200,-200,-200,-200,-200,-200,-200,31
-200,-77,-200,-200,-78,-77,-200,-200,-200,-200,-200,-200,-200,32
-200,-200,-200,-200,-75,-78,-200,-200,-200,-200,-200,-200,-200,32
-200,-81,-200,-200,-75,-200,-200,-200,-200,-200,-200,-200,-200,32
-200,-200,-200,-200,-73,-76,-200,-200,-200,-200,-200,-200,-200,32
-200,-200,-200,-200,-73,-77,-200,-200,-200,-200,-200,-200,-200,33
-200,-200,-200,-200,-72,-77,-200,-200,-200,-200,-200,-200,-200,33
-200,-200,-200,-200,-80,-200,-200,-200,-200,-200,-200,-200,-200,33
-200,-200,-200,-200,-75,-75,-200,-81,-200,-200,-200,-200,-200,33
-200,-200,-200,-200,-76,-76,-200,-200,-200,-200,-200,-200,-200,33
-200,-200,-200,-200,-78,-200,-200,-200,-200,-200,-200,-200,-200,34
-200,-200,-200,-200,-200,-77,-200,-200,-200,-200,-200,-200,-200,34
-200,-200,-200,-200,-77,-78,-200,-200,-200,-200,-200,-200,-200,34
-200,-200,-200,-200,-78,-76,-200,-200,-200,-200,-200,-200,-200,34
-200,-200,-200,-200,-79,-200,-200,-200,-200,-200,-200,-200,-200,34
-200,-200,-200,-200,-200,-200,-200,-200,-200,-200,-67,-200,-200,56
-200,-200,-200,-200,-200,-200,-200,-200,-200,-200,-62,-200,-200,56
-200,-200,-200,-200,-200,-200,-200,-200,-200,-200,-79,-80,-200,56
-200,-200,-200,-200,-200,-200,-200,-200,-200,-200,-76,-200,-200,56
-200,-200,-200,-200,-200,-200,-200,-200,-200,-200,-200,-81,-200,69
-200,-200,-200,-200,-200,-200,-200,-200,-200,-200,-200,-78,-200,69
-200,-200,-200,-200,-200,-200,-200,-200,-200,-200,-200,-74,-200,69
-200,-200,-200,-200,-200,-200,-200,-200,-200,-200,-200,-61,-200,82
-200,-200,-200,-200,-200,-200,-200,-200,-200,-200,-200,-63,-200,82
-200,-200,-200,-200,-200,-200,-200,-200,-200,-78,-200,-200,-200,16
-200,-200,-200,-200,-200,-200,-200,-200,-77,-75,-200,-200,-200,16
-200,-200,-200,-200,-200,-200,-200,-200,-78,-72,-200,-200,-200,16
-200,-200,-200,-200,-200,-200,-200,-200,-200,-72,-200,-200,-200,16
-200,-200,-200,-200,-200,-200,-200,-200,-200,-72,-200,-200,-200,16
-200,-200,-200,-200,-200,-200,-200,-200,-81,-77,-200,-200,-200,26
-200,-200,-200,-200,-200,-200,-200,-200,-200,-66,-200,-200,-200,26
-200,-200,-200,-200,-200,-200,-200,-200,-200,-69,-200,-200,-200,26
-200,-200,-200,-200,-200,-200,-200,-200,-200,-65,-200,-200,-200,26
-200,-200,-200,-200,-200,-200,-200,-200,-200,-200,-69,-200,-200,56
-200,-200,-200,-200,-200,-200,-200,-200,-200,-77,-61,-200,-200,56
-200,-200,-200,-200,-200,-200,-200,-200,-200,-78,-59,-200,-200,56
-200,-200,-200,-200,-200,-200,-200,-200,-200,-78,-64,-200,-200,56
-200,-200,-200,-200,-200,-200,-200,-200,-200,-200,-200,-200,-82,91
-200,-200,-200,-200,-200,-200,-200,-200,-200,-200,-200,-200,-78,91
-200,-200,-200,-200,-200,-200,-200,-200,-200,-200,-200,-200,-78,91
-200,-200,-200,-200,-200,-200,-200,-200,-200,-200,-200,-200,-81,96
-200,-200,-200,-200,-200,-200,-200,-200,-200,-200,-200,-200,-87,96
-200,-200,-200,-200,-200,-200,-200,-200,-200,-200,-200,-200,-85,96
-200,-200,-200,-200,-200,-200,-200,-200,-200,-200,-200,-200,-77,102
-200,-200,-200,-200,-200,-200,-200,-200,-200,-200,-79,-200,-81,102
-200,-200,-200,-200,-200,-200,-200,-200,-200,-200,-200,-200,-81,102
-200,-200,-200,-200,-200,-200,-200,-200,-200,-200,-200,-200,-79,102
-200,-200,-200,-200,-200,-200,-200,-200,-200,-200,-200,-200,-79,102
-200,-200,-200,-200,-200,-200,-200,-200,-200,-200,-200,-200,-81,103
-200,-200,-200,-200,-200,-200,-200,-200,-200,-200,-200,-200,-77,103
-200,-200,-200,-200,-200,-200,-200,-200,-200,-200,-200,-200,-64,103
-200,-200,-200,-200,-200,-200,-200,-200,-200,-200,-200,-200,-60,103
-200,-200,-200,-200,-200,-200,-200,-200,-200,-200,-200,-200,-63,103
-200,-200,-200,-200,-200,-200,-200,-200,-200,-200,-200,-200,-67,103
-200,-200,-200,-200,-200,-200,-200,-200,-200,-200,-200,-200,-63,103
-200,-200,-200,-200,-200,-200,-200,-200,-200,-200,-200,-200,-65,103
-200,-200,-200,-200,-200,-200,-200,-200,-200,-200,-200,-200,-71,104
-200,-200,-200,-200,-200,-200,-200,-200,-200,-200,-200,-200,-59,104
-200,-200,-200,-200,-200,-200,-200,-200,-200,-200,-200,-200,-62,104
-200,-200,-200,-200,-200,-200,-200,-200,-200,-200,-200,-200,-71,104
-200,-200,-200,-200,-200,-200,-200,-200,-200,-200,-200,-200,-66,104
-200,-200,-200,-81,-200,-200,-200,-200,-200,-200,-200,-200,-200,83
-200,-200,-200,-82,-200,-200,-200,-200,-200,-200,-200,-200,-200,83
-200,-200,-200,-76,-200,-200,-200,-200,-200,-200,-200,-200,-200,84
-200,-200,-200,-82,-200,-200,-200,-200,-200,-200,-200,-200,-200,84
-200,-200,-200,-78,-200,-200,-200,-200,-200,-200,-200,-200,-200,84
-200,-200,-200,-79,-200,-200,-200,-200,-200,-200,-200,-200,-200,84
-200,-200,-200,-81,-200,-200,-200,-200,-200,-200,-200,-200,-200,84
-200,-200,-200,-79,-200,-200,-200,-200,-200,-200,-200,-200,-200,84
-200,-200,-200,-80,-200,-200,-200,-200,-200,-200,-200,-200,-200,84
-200,-200,-200,-76,-200,-200,-200,-200,-200,-200,-200,-200,-200,85
-200,-200,-200,-75,-200,-200,-200,-200,-200,-200,-200,-200,-200,85
-200,-200,-200,-84,-200,-200,-200,-200,-200,-200,-200,-200,-200,85
-200,-200,-200,-75,-200,-200,-200,-200,-200,-200,-200,-200,-200,85
-200,-200,-78,-81,-200,-200,-200,-200,-200,-200,-200,-200,-200,85
-200,-200,-82,-70,-200,-200,-200,-200,-200,-200,-200,-200,-200,85
-200,-200,-200,-75,-200,-200,-200,-200,-200,-200,-200,-200,-200,86
-200,-200,-80,-78,-200,-200,-200,-200,-200,-200,-200,-200,-200,86
-200,-200,-200,-70,-200,-200,-200,-200,-200,-200,-200,-200,-200,86
-200,-200,-200,-67,-200,-200,-200,-200,-200,-200,-200,-200,-200,86
-200,-200,-200,-57,-200,-200,-200,-200,-200,-200,-200,-200,-200,86
-200,-200,-200,-57,-200,-200,-200,-200,-200,-200,-200,-200,-200,86
-200,-200,-200,-63,-200,-200,-200,-200,-200,-200,-200,-200,-200,87
-200,-200,-200,-62,-200,-200,-200,-200,-200,-200,-200,-200,-200,87
-200,-200,-200,-67,-200,-200,-200,-200,-200,-200,-200,-200,-200,87
-200,-200,-200,-56,-200,-200,-200,-200,-200,-200,-200,-200,-200,87
-200,-200,-200,-66,-200,-200,-200,-200,-200,-200,-200,-200,-200,87
-200,-200,-200,-60,-200,-200,-200,-200,-200,-200,-200,-200,-200,87
-200,-200,-200,-66,-200,-200,-200,-200,-200,-200,-200,-200,-200,87
-200,-200,-200,-67,-200,-200,-200,-200,-200,-200,-200,-200,-200,87
-200,-200,-200,-69,-200,-200,-200,-200,-200,-200,-200,-200,-200,88
-200,-200,-200,-68,-200,-200,-200,-200,-200,-200,-200,-200,-200,88
-200,-200,-200,-70,-200,-200,-200,-200,-200,-200,-200,-200,-200,88
-200,-200,-200,-72,-200,-200,-200,-200,-200,-200,-200,-200,-200,88
-200,-200,-200,-200,-200,-200,-79,-200,-200,-200,-200,-200,-200,88
-200,-200,-200,-200,-200,-200,-79,-200,-200,-200,-200,-200,-200,88
-200,-200,-200,-200,-200,-200,-76,-200,-200,-200,-200,-200,-200,88
-200,-200,-200,-200,-200,-200,-71,-200,-200,-200,-200,-200,-200,88
-200,-200,-200,-200,-200,-200,-64,-200,-200,-200,-200,-200,-200,89
-200,-200,-200,-200,-200,-75,-62,-200,-200,-200,-200,-200,-200,89
-200,-200,-200,-200,-200,-200,-64,-200,-200,-200,-200,-200,-200,89
-200,-200,-200,-200,-200,-200,-67,-200,-200,-200,-200,-200,-200,89
-200,-200,-200,-77,-200,-79,-63,-200,-200,-200,-200,-200,-200,89
-200,-200,-200,-200,-200,-200,-58,-200,-200,-200,-200,-200,-200,89
-200,-200,-200,-200,-200,-200,-63,-200,-200,-200,-200,-200,-200,89
-200,-200,-200,-80,-200,-200,-200,-200,-200,-200,-200,-200,-200,89
-200,-200,-200,-77,-200,-200,-71,-200,-200,-200,-200,-200,-200,89
-200,-200,-200,-78,-200,-200,-66,-200,-200,-200,-200,-200,-200,89
-200,-200,-200,-200,-200,-200,-64,-200,-200,-200,-200,-200,-200,90
-200,-200,-200,-79,-200,-200,-200,-200,-200,-200,-200,-200,-200,90
-200,-200,-200,-81,-200,-200,-64,-200,-200,-200,-200,-200,-200,90
-200,-200,-200,-81,-200,-200,-72,-200,-200,-200,-200,-200,-200,90
-200,-200,-200,-200,-80,-200,-200,-78,-200,-200,-200,-200,-200,42
-78,-200,-200,-200,-200,-200,-200,-74,-200,-200,-200,-200,-200,42
-200,-200,-200,-200,-200,-75,-200,-80,-200,-200,-200,-200,-200,41
-200,-200,-200,-81,-200,-200,-200,-200,-200,-200,-200,-200,-200,41
-200,-200,-200,-200,-75,-200,-200,-200,-200,-200,-200,-200,-200,41
-200,-200,-200,-200,-75,-200,-200,-200,-200,-200,-200,-200,-200,40
-200,-77,-200,-200,-66,-200,-200,-200,-200,-200,-200,-200,-200,40
-200,-78,-200,-77,-72,-74,-200,-200,-200,-200,-200,-200,-200,40
-200,-200,-80,-77,-78,-78,-200,-200,-200,-200,-200,-200,-200,40
-200,-200,-200,-200,-73,-200,-200,-200,-200,-200,-200,-200,-200,39
-200,-200,-200,-200,-70,-200,-200,-200,-200,-200,-200,-200,-200,39
-200,-81,-78,-200,-77,-80,-200,-200,-200,-200,-200,-200,-200,39
-200,-78,-78,-200,-200,-79,-200,-200,-200,-200,-200,-200,-200,39
-200,-200,-78,-81,-200,-84,-200,-200,-200,-200,-200,-200,-200,38
-200,-79,-78,-81,-200,-200,-200,-200,-200,-200,-200,-200,-200,38
-200,-200,-77,-200,-200,-200,-200,-200,-200,-200,-200,-200,-200,38
-200,-200,-78,-200,-200,-87,-200,-200,-200,-200,-200,-200,-200,38
-200,-200,-200,-80,-74,-82,-200,-200,-200,-200,-200,-200,-200,37
-200,-200,-200,-200,-200,-83,-200,-200,-200,-200,-200,-200,-200,36
-200,-77,-200,-200,-200,-76,-200,-200,-200,-200,-200,-200,-200,36
-200,-200,-200,-200,-200,-77,-200,-200,-200,-200,-200,-200,-200,36
-200,-82,-200,-200,-200,-200,-200,-200,-200,-200,-200,-200,-200,36
-200,-200,-200,-200,-78,-200,-200,-200,-200,-200,-200,-200,-200,34
-200,-200,-200,-200,-78,-77,-200,-200,-200,-200,-200,-200,-200,34
-200,-200,-200,-200,-76,-82,-200,-200,-200,-200,-200,-200,-200,34
-200,-200,-200,-200,-77,-79,-200,-200,-200,-200,-200,-200,-200,34
-200,-200,-200,-200,-200,-78,-200,-200,-200,-200,-200,-200,-200,34
-200,-200,-200,-200,-80,-200,-200,-80,-200,-200,-200,-200,-200,34
-200,-200,-200,-200,-77,-200,-200,-200,-200,-200,-200,-200,-200,34
-200,-200,-200,-200,-76,-77,-200,-200,-200,-200,-200,-200,-200,33
-200,-200,-200,-200,-75,-76,-200,-80,-200,-200,-200,-200,-200,33
-200,-200,-200,-200,-200,-79,-200,-200,-200,-200,-200,-200,-200,33
-200,-200,-200,-200,-80,-200,-200,-200,-200,-200,-200,-200,-200,33
-200,-200,-200,-200,-72,-78,-200,-200,-200,-200,-200,-200,-200,33
-200,-200,-200,-200,-73,-78,-200,-200,-200,-200,-200,-200,-200,33
-200,-200,-200,-200,-73,-77,-200,-200,-200,-200,-200,-200,-200,32
-200,-79,-200,-200,-74,-76,-200,-200,-200,-200,-200,-200,-200,32
-200,-82,-200,-200,-75,-200,-200,-200,-200,-200,-200,-200,-200,32
-200,-200,-200,-200,-75,-79,-200,-200,-200,-200,-200,-200,-200,32
-200,-79,-200,-200,-200,-200,-200,-200,-200,-200,-200,-200,-200,32
-200,-78,-200,-200,-78,-78,-200,-200,-200,-200,-200,-200,-200,32
-200,-200,-200,-200,-76,-200,-200,-200,-200,-200,-200,-200,-200,31
-200,-71,-200,-200,-200,-200,-200,-200,-200,-200,-200,-200,-200,31
-200,-81,-78,-200,-200,-200,-200,-200,-200,-200,-200,-200,-200,31
-200,-74,-200,-200,-200,-200,-200,-200,-200,-200,-200,-200,-200,31
-200,-74,-200,-200,-200,-200,-200,-200,-200,-200,-200,-200,-200,31
-200,-75,-79,-200,-200,-200,-200,-200,-200,-200,-200,-200,-200,30
-200,-74,-79,-200,-200,-200,-200,-200,-200,-200,-200,-200,-200,30
-200,-79,-72,-80,-200,-79,-200,-200,-200,-200,-200,-200,-200,30
-200,-73,-73,-200,-200,-200,-200,-200,-200,-200,-200,-200,-200,30
-200,-75,-79,-200,-200,-81,-200,-200,-200,-200,-200,-200,-200,30
-200,-76,-79,-200,-200,-200,-200,-200,-200,-200,-200,-200,-200,30
-200,-80,-200,-200,-200,-200,-200,-200,-200,-200,-200,-200,-200,29
-200,-78,-200,-200,-200,-200,-200,-200,-200,-200,-200,-200,-200,29
-200,-80,-200,-200,-200,-200,-200,-200,-200,-200,-200,-200,-200,29
-200,-200,-81,-200,-200,-200,-200,-200,-200,-200,-200,-200,-200,29
-200,-73,-200,-200,-200,-200,-200,-200,-200,-200,-200,-200,-200,28
-200,-81,-200,-200,-200,-200,-200,-200,-200,-200,-200,-200,-200,28
-200,-200,-200,-200,-200,-81,-200,-200,-200,-200,-200,-200,-200,27
-200,-200,-200,-200,-200,-78,-200,-200,-200,-200,-200,-200,-200,27
-200,-72,-200,-200,-200,-200,-200,-200,-200,-200,-200,-200,-200,17
-200,-79,-200,-200,-200,-200,-200,-200,-200,-200,-200,-200,-200,17
-200,-76,-200,-200,-200,-200,-200,-200,-200,-200,-200,-200,-200,17
-200,-81,-200,-200,-200,-200,-200,-200,-200,-200,-200,-200,-200,17
-200,-77,-76,-200,-200,-200,-200,-200,-200,-200,-200,-200,-200,18
-200,-79,-78,-200,-200,-200,-200,-200,-200,-200,-200,-200,-200,18
-200,-78,-200,-200,-200,-200,-200,-200,-200,-200,-200,-200,-200,18
-200,-69,-200,-200,-200,-200,-200,-200,-200,-200,-200,-200,-200,18
-200,-76,-79,-200,-200,-200,-200,-200,-200,-200,-200,-200,-200,18
-200,-73,-78,-200,-200,-200,-200,-200,-200,-200,-200,-200,-200,18
-200,-72,-200,-200,-200,-200,-200,-200,-200,-200,-200,-200,-200,19
-200,-77,-200,-200,-200,-200,-200,-200,-200,-200,-200,-200,-200,19
-200,-68,-200,-200,-200,-200,-200,-200,-200,-200,-200,-200,-200,19
-200,-74,-200,-200,-200,-200,-200,-200,-200,-200,-200,-200,-200,19
-200,-67,-200,-200,-200,-200,-200,-200,-200,-200,-200,-200,-200,19
-200,-68,-200,-200,-200,-200,-200,-200,-200,-200,-200,-200,-200,19
-200,-72,-200,-200,-200,-200,-200,-200,-200,-200,-200,-200,-200,20
-200,-80,-200,-200,-200,-200,-200,-200,-200,-200,-200,-200,-200,20
-200,-65,-200,-200,-200,-200,-200,-200,-200,-200,-200,-200,-200,20
-200,-66,-200,-200,-200,-200,-200,-200,-200,-200,-200,-200,-200,20
-200,-63,-200,-200,-76,-200,-200,-200,-200,-200,-200,-200,-200,21
-200,-63,-200,-200,-83,-200,-200,-200,-200,-200,-200,-200,-200,21
-200,-60,-200,-200,-200,-200,-200,-200,-200,-200,-200,-200,-200,21
-200,-63,-200,-200,-79,-200,-200,-200,-200,-200,-200,-200,-200,21
-200,-77,-200,-200,-200,-200,-200,-200,-200,-200,-200,-200,-200,22
-200,-200,-200,-200,-75,-200,-200,-200,-200,-200,-200,-200,-200,22
-200,-81,-200,-200,-76,-200,-200,-80,-200,-200,-200,-200,-200,22
-200,-73,-200,-200,-74,-200,-200,-200,-200,-200,-200,-200,-200,22
-200,-74,-200,-200,-68,-200,-200,-81,-200,-200,-200,-200,-200,23
-200,-75,-200,-200,-71,-200,-200,-200,-200,-200,-200,-200,-200,23
-200,-200,-200,-200,-69,-200,-200,-200,-200,-200,-200,-200,-200,23
-200,-200,-200,-200,-73,-200,-200,-200,-200,-200,-200,-200,-200,23
-200,-200,-83,-200,-68,-200,-200,-200,-200,-200,-200,-200,-200,23
-200,-200,-200,-200,-66,-200,-200,-200,-200,-200,-200,-200,-200,23
-200,-85,-200,-200,-200,-200,-200,-200,-200,-200,-200,-200,-200,24
-200,-200,-200,-200,-200,-200,-200,-81,-200,-200,-200,-200,-200,24
-200,-200,-200,-200,-200,-200,-200,-200,-82,-200,-200,-200,-200,0
-200,-200,-200,-200,-200,-200,-200,-200,-78,-200,-200,-200,-200,0
-200,-200,-200,-200,-200,-200,-200,-200,-74,-200,-200,-200,-200,0
-200,-200,-200,-200,-200,-200,-200,-200,-71,-200,-200,-200,-200,1
-200,-200,-200,-200,-200,-200,-200,-200,-66,-200,-200,-200,-200,1
-200,-200,-200,-200,-200,-200,-200,-200,-76,-200,-200,-200,-200,2
-200,-200,-200,-200,-200,-200,-200,-200,-73,-200,-200,-200,-200,2
-200,-200,-200,-200,-200,-200,-200,-200,-61,-200,-200,-200,-200,2
-200,-200,-200,-200,-200,-78,-200,-72,-200,-81,-200,-200,-200,15
-200,-200,-200,-200,-200,-200,-200,-72,-200,-200,-200,-200,-200,15
-200,-200,-200,-200,-200,-200,-200,-69,-200,-200,-200,-200,-200,15
-200,-86,-200,-200,-200,-200,-200,-70,-200,-200,-200,-200,-200,14
-200,-200,-200,-200,-76,-200,-200,-64,-200,-200,-200,-200,-200,14
-200,-200,-200,-200,-74,-79,-200,-70,-200,-200,-200,-200,-200,14
-77,-200,-200,-200,-73,-200,-200,-66,-200,-200,-200,-200,-200,14
-78,-200,-200,-200,-200,-200,-200,-78,-200,-200,-200,-200,-200,13
-200,-200,-200,-200,-200,-78,-200,-200,-200,-200,-200,-200,-200,13
-200,-200,-200,-88,-79,-200,-200,-72,-200,-200,-200,-200,-200,13
-200,-200,-200,-200,-80,-200,-200,-200,-200,-200,-200,-200,-200,13
-80,-200,-200,-200,-76,-200,-200,-73,-200,-200,-200,-200,-200,13
-80,-200,-200,-200,-73,-84,-200,-76,-200,-200,-200,-200,-200,13
-80,-200,-200,-200,-78,-200,-200,-76,-200,-200,-200,-200,-200,12
-200,-200,-200,-200,-73,-200,-200,-200,-200,-200,-200,-200,-200,12
-77,-80,-200,-200,-200,-200,-200,-200,-200,-200,-200,-200,-200,12
-200,-75,-200,-200,-72,-200,-200,-200,-200,-200,-200,-200,-200,12
-200,-81,-200,-200,-200,-200,-200,-77,-200,-200,-200,-200,-200,12
-200,-77,-200,-200,-81,-200,-200,-77,-200,-200,-200,-200,-200,12
-200,-82,-200,-200,-70,-200,-200,-200,-200,-200,-200,-200,-200,11
-200,-82,-200,-200,-70,-200,-200,-200,-200,-200,-200,-200,-200,11
-200,-77,-200,-200,-75,-200,-200,-200,-200,-200,-200,-200,-200,11
-200,-76,-200,-200,-75,-200,-200,-200,-200,-200,-200,-200,-200,11
-200,-74,-200,-200,-78,-200,-200,-200,-200,-200,-200,-200,-200,10
-200,-76,-85,-200,-75,-200,-200,-82,-200,-200,-200,-200,-200,10
-200,-80,-200,-200,-81,-200,-200,-200,-200,-200,-200,-200,-200,10
-200,-80,-200,-200,-200,-200,-200,-200,-200,-200,-200,-200,-200,10
-200,-74,-200,-200,-78,-200,-200,-200,-200,-200,-200,-200,-200,9
-200,-74,-200,-200,-200,-200,-200,-200,-200,-200,-200,-200,-200,9
-200,-73,-200,-200,-79,-200,-200,-200,-200,-200,-200,-200,-200,8
-200,-73,-200,-200,-80,-200,-200,-200,-200,-200,-200,-200,-200,8
-200,-76,-200,-200,-200,-200,-200,-200,-200,-200,-200,-200,-200,8
-200,-200,-200,-200,-78,-200,-200,-200,-200,-200,-200,-200,-200,8
-200,-70,-200,-86,-200,-87,-200,-200,-200,-200,-200,-200,-200,8
-200,-79,-200,-200,-200,-200,-200,-200,-200,-200,-200,-200,-200,8
-200,-63,-200,-200,-200,-200,-200,-200,-200,-200,-200,-200,-200,7
-200,-78,-200,-200,-200,-79,-200,-200,-200,-200,-200,-200,-200,7
-200,-200,-200,-200,-80,-200,-200,-200,-200,-200,-200,-200,-200,7
-200,-68,-87,-200,-200,-200,-200,-200,-200,-200,-200,-200,-200,7
-200,-75,-200,-200,-200,-200,-200,-200,-200,-200,-200,-200,-200,7
-200,-70,-200,-200,-200,-200,-200,-200,-200,-200,-200,-200,-200,6
-200,-70,-200,-200,-200,-200,-200,-200,-200,-200,-200,-200,-200,6
-200,-70,-200,-200,-200,-200,-200,-200,-200,-200,-200,-200,-200,6
-200,-200,-200,-200,-74,-200,-200,-200,-200,-200,-200,-200,-200,24
-200,-200,-200,-200,-72,-200,-200,-79,-200,-200,-200,-200,-200,24
-200,-84,-200,-200,-74,-200,-200,-74,-200,-200,-200,-200,-200,24
-200,-81,-200,-200,-73,-200,-200,-200,-200,-200,-200,-200,-200,23
-200,-200,-200,-200,-77,-200,-200,-200,-200,-200,-200,-200,-200,23
-200,-200,-200,-200,-73,-200,-200,-200,-200,-200,-200,-200,-200,23
-200,-200,-200,-200,-74,-80,-200,-200,-200,-200,-200,-200,-200,23
-200,-75,-200,-200,-70,-200,-200,-200,-200,-200,-200,-200,-200,22
-200,-72,-200,-200,-69,-200,-200,-200,-200,-200,-200,-200,-200,22
-200,-69,-200,-200,-200,-200,-200,-200,-200,-200,-200,-200,-200,22
-200,-73,-200,-200,-76,-200,-200,-200,-200,-200,-200,-200,-200,22
-200,-78,-200,-200,-200,-200,-200,-200,-200,-200,-200,-200,-200,11
-200,-73,-200,-200,-75,-200,-200,-200,-200,-200,-200,-200,-200,11
-200,-78,-200,-200,-78,-200,-200,-200,-200,-200,-200,-200,-200,11
-200,-80,-200,-200,-200,-200,-200,-200,-200,-200,-200,-200,-200,11
-200,-77,-200,-200,-81,-200,-200,-81,-200,-200,-200,-200,-200,13
-200,-77,-200,-200,-79,-200,-200,-200,-200,-200,-200,-200,-200,13
-200,-75,-200,-200,-78,-200,-200,-80,-200,-200,-200,-200,-200,13
-200,-79,-200,-200,-79,-200,-200,-200,-200,-200,-200,-200,-200,13
-79,-200,-200,-200,-80,-200,-200,-78,-200,-200,-200,-200,-200,13
-77,-200,-200,-200,-78,-200,-200,-76,-200,-200,-200,-200,-200,13
-200,-200,-200,-200,-200,-200,-200,-74,-200,-200,-200,-200,-200,13
-72,-200,-200,-200,-200,-200,-200,-72,-200,-200,-200,-200,-200,13
-200,-81,-200,-200,-72,-200,-200,-200,-200,-200,-200,-200,-200,12
-200,-200,-200,-200,-72,-200,-85,-200,-200,-200,-200,-200,-200,12
-200,-200,-200,-200,-72,-200,-200,-200,-200,-200,-200,-200,-200,12
-200,-200,-200,-200,-72,-200,-200,-200,-200,-200,-200,-200,-200,12
-200,-200,-200,-200,-200,-200,-200,-200,-200,-200,-200,-200,-75,104
-200,-200,-200,-200,-200,-200,-200,-200,-200,-200,-200,-200,-67,104
-200,-200,-200,-200,-200,-200,-200,-200,-200,-200,-200,-200,-71,104
-200,-200,-200,-200,-200,-200,-200,-200,-200,-200,-200,-200,-75,104
-200,-200,-200,-200,-200,-200,-200,-200,-200,-200,-200,-200,-62,104
-200,-200,-200,-200,-200,-200,-200,-200,-200,-200,-200,-200,-61,104
-200,-200,-200,-200,-200,-200,-200,-200,-200,-200,-200,-81,-81,96
-200,-200,-200,-200,-200,-200,-200,-200,-200,-200,-200,-200,-76,96
-200,-200,-200,-200,-200,-200,-200,-200,-200,-200,-200,-67,-200,82
-200,-200,-200,-200,-200,-200,-200,-200,-200,-200,-200,-67,-79,82
-200,-200,-200,-200,-200,-200,-200,-200,-200,-200,-200,-60,-200,82
-200,-200,-200,-200,-200,-200,-200,-78,-200,-200,-200,-65,-200,82
-200,-200,-200,-200,-200,-200,-200,-200,-200,-200,-200,-62,-200,82
-200,-200,-200,-200,-200,-200,-200,-200,-200,-200,-200,-60,-200,82
-200,-200,-200,-200,-200,-200,-200,-200,-200,-200,-200,-73,-200,69
-200,-200,-200,-200,-200,-200,-200,-200,-200,-200,-200,-76,-200,69
-200,-200,-200,-200,-200,-200,-200,-200,-200,-200,-200,-81,-200,69
-200,-200,-200,-200,-200,-200,-200,-200,-200,-200,-200,-77,-200,69
-200,-200,-200,-200,-200,-200,-200,-200,-200,-200,-76,-200,-200,56
-200,-200,-200,-200,-200,-200,-200,-200,-200,-200,-79,-80,-200,56
-200,-200,-200,-200,-200,-200,-200,-200,-200,-200,-61,-200,-200,56
-200,-200,-200,-200,-200,-200,-200,-200,-200,-200,-66,-200,-200,56
-200,-200,-200,-200,-200,-200,-200,-200,-200,-200,-81,-81,-200,43
-200,-200,-200,-200,-200,-200,-200,-200,-200,-200,-70,-82,-200,43
-200,-200,-200,-200,-200,-200,-200,-200,-200,-78,-200,-81,-81,43
-200,-200,-200,-200,-200,-200,-200,-200,-200,-200,-72,-79,-200,43
-200,-200,-200,-200,-200,-200,-200,-200,-200,-200,-68,-200,-200,43
-200,-200,-200,-200,-200,-200,-200,-200,-200,-62,-75,-200,-200,26
-200,-200,-200,-200,-200,-200,-200,-200,-200,-67,-85,-200,-200,26
-200,-200,-200,-200,-200,-200,-200,-200,-200,-79,-200,-200,-200,5
-200,-200,-200,-200,-200,-200,-200,-200,-200,-78,-200,-200,-200,5
-200,-200,-200,-200,-200,-200,-200,-200,-72,-200,-200,-200,-200,3
-200,-200,-200,-200,-200,-200,-200,-200,-78,-200,-200,-200,-200,3
-200,-200,-200,-200,-200,-200,-200,-200,-59,-200,-200,-200,-200,2
-200,-200,-200,-200,-200,-200,-200,-200,-59,-200,-200,-200,-200,2
-200,-200,-200,-200,-200,-200,-200,-200,-56,-200,-200,-200,-200,2
-200,-200,-200,-200,-200,-200,-200,-200,-57,-200,-200,-200,-200,2
-200,-200,-200,-200,-77,-200,-200,-63,-200,-200,-200,-200,-200,25
-200,-200,-200,-200,-200,-200,-200,-62,-200,-200,-200,-200,-200,25
-200,-200,-200,-200,-200,-200,-200,-56,-200,-200,-200,-200,-200,25
-200,-80,-200,-200,-200,-200,-200,-62,-200,-79,-200,-200,-200,25
-200,-200,-200,-200,-200,-200,-200,-60,-200,-200,-200,-200,-200,15
-200,-200,-200,-200,-78,-200,-200,-69,-200,-200,-200,-200,-200,15
-200,-200,-200,-200,-200,-200,-200,-71,-200,-80,-200,-200,-200,15
-200,-200,-200,-200,-200,-200,-200,-67,-200,-81,-200,-200,-200,15
-200,-200,-200,-200,-74,-200,-200,-78,-200,-200,-200,-200,-200,12
-200,-80,-200,-200,-68,-200,-200,-76,-200,-200,-200,-200,-200,12
-200,-83,-200,-200,-68,-200,-200,-82,-200,-200,-200,-200,-200,12
-200,-200,-200,-200,-66,-200,-200,-200,-200,-200,-200,-200,-200,12
-200,-200,-200,-200,-61,-200,-200,-200,-200,-200,-200,-200,-200,23
-200,-200,-200,-200,-61,-200,-200,-200,-200,-200,-200,-200,-200,23
-200,-200,-200,-200,-60,-200,-200,-77,-200,-200,-200,-200,-200,23
-200,-200,-200,-200,-63,-200,-200,-200,-200,-200,-200,-200,-200,23
-200,-78,-200,-200,-200,-200,-200,-200,-200,-200,-200,-200,-200,18
-200,-73,-200,-200,-200,-200,-200,-200,-200,-200,-200,-200,-200,18
-200,-65,-200,-200,-200,-200,-200,-200,-200,-200,-200,-200,-200,20
-200,-67,-200,-200,-200,-200,-200,-200,-200,-200,-200,-200,-200,20
-200,-60,-200,-200,-79,-200,-200,-200,-200,-200,-200,-200,-200,20
-200,-61,-200,-200,-200,-200,-200,-200,-200,-200,-200,-200,-200,20
-200,-74,-200,-200,-200,-80,-200,-200,-200,-200,-200,-200,-200,9
-200,-70,-200,-200,-200,-200,-200,-200,-200,-200,-200,-200,-200,9
-67,-200,-200,-200,-200,-200,-200,-200,-200,-200,-200,-200,-200,4
-70,-200,-200,-200,-200,-200,-200,-200,-200,-200,-200,-200,-200,4
-200,-68,-200,-200,-81,-200,-200,-200,-200,-200,-200,-200,-200,11
-200,-70,-200,-200,-77,-200,-200,-200,-200,-200,-200,-200,-200,11
-200,-71,-200,-200,-81,-200,-200,-78,-200,-200,-200,-200,-200,11
-200,-71,-200,-200,-73,-200,-200,-81,-200,-200,-200,-200,-200,11
-200,-75,-200,-200,-80,-200,-200,-79,-200,-200,-200,-200,-200,11
-200,-75,-200,-200,-80,-200,-200,-77,-200,-200,-200,-200,-200,11
-200,-73,-200,-200,-200,-200,-200,-77,-200,-200,-200,-200,-200,22
-200,-78,-200,-200,-200,-200,-200,-77,-200,-200,-200,-200,-200,22
-200,-81,-200,-200,-200,-200,-200,-200,-200,-200,-200,-200,-200,22
-200,-80,-200,-200,-77,-200,-200,-200,-200,-200,-200,-200,-200,22
-200,-76,-200,-200,-200,-200,-200,-200,-200,-200,-200,-200,-200,22
-200,-74,-200,-200,-77,-200,-200,-200,-200,-200,-200,-200,-200,22
-200,-72,-200,-200,-75,-200,-200,-200,-200,-200,-200,-200,-200,22
-200,-79,-200,-200,-200,-200,-200,-78,-200,-200,-200,-200,-200,22
-200,-77,-200,-200,-74,-200,-200,-200,-200,-200,-200,-200,-200,32
-200,-79,-200,-200,-76,-200,-200,-200,-200,-200,-200,-200,-200,32
-200,-80,-200,-200,-200,-200,-200,-200,-200,-200,-200,-200,-200,32
-200,-200,-200,-200,-72,-200,-200,-200,-200,-200,-200,-200,-200,32
-200,-200,-200,-200,-79,-78,-200,-200,-200,-200,-200,-200,-200,32
-200,-200,-200,-200,-200,-81,-200,-200,-200,-200,-200,-200,-200,32
-200,-200,-200,-200,-78,-200,-200,-200,-200,-200,-200,-200,-200,40
-200,-200,-200,-200,-78,-76,-200,-200,-200,-200,-200,-200,-200,40
-200,-200,-200,-200,-200,-81,-200,-200,-200,-200,-200,-200,-200,40
-200,-200,-200,-200,-73,-200,-200,-200,-200,-200,-200,-200,-200,40
-200,-200,-200,-200,-79,-80,-200,-200,-200,-200,-200,-200,-200,40
-200,-200,-200,-200,-82,-200,-200,-200,-200,-200,-200,-200,-200,40
-200,-200,-200,-200,-81,-200,-200,-200,-200,-200,-200,-200,-200,40
-200,-200,-200,-200,-79,-200,-200,-200,-200,-200,-200,-200,-200,40
-200,-200,-200,-200,-77,-200,-200,-200,-200,-200,-200,-200,-200,40
-200,-200,-200,-200,-81,-83,-200,-200,-200,-200,-200,-200,-200,49
-200,-200,-200,-200,-200,-86,-200,-200,-200,-200,-200,-200,-200,49
-200,-200,-200,-200,-83,-200,-200,-200,-200,-200,-200,-200,-200,49
-200,-200,-200,-200,-74,-200,-200,-200,-200,-200,-200,-200,-200,49
-200,-200,-200,-200,-81,-72,-200,-200,-200,-200,-200,-200,-200,49
-200,-200,-200,-200,-78,-72,-200,-200,-200,-200,-200,-200,-200,49
-200,-81,-200,-200,-80,-71,-200,-200,-200,-200,-200,-200,-200,49
-200,-200,-200,-200,-200,-70,-200,-200,-200,-200,-200,-200,-200,49
-200,-200,-200,-200,-200,-69,-200,-200,-200,-200,-200,-200,-200,49
-200,-200,-200,-200,-80,-77,-200,-200,-200,-200,-200,-200,-200,49
-200,-200,-200,-200,-200,-67,-200,-200,-200,-200,-200,-200,-200,55
-200,-200,-200,-200,-200,-69,-200,-200,-200,-200,-200,-200,-200,55
-200,-200,-200,-200,-81,-200,-200,-200,-200,-200,-200,-200,-200,55
-200,-200,-200,-200,-80,-200,-200,-200,-200,-200,-200,-200,-200,55
-200,-200,-200,-200,-200,-63,-200,-200,-200,-200,-200,-200,-200,55
-200,-200,-200,-200,-200,-68,-200,-200,-200,-200,-200,-200,-200,55
-200,-200,-200,-200,-200,-67,-200,-200,-200,-200,-200,-200,-200,55
-200,-200,-200,-200,-200,-67,-200,-200,-200,-200,-200,-200,-200,55
-200,-200,-200,-200,-200,-73,-200,-200,-200,-200,-200,-200,-200,62
-200,-200,-200,-200,-200,-70,-200,-200,-200,-200,-200,-200,-200,62
-200,-200,-200,-200,-200,-78,-200,-200,-200,-200,-200,-200,-200,62
-200,-200,-200,-200,-200,-80,-200,-200,-200,-200,-200,-200,-200,62
-200,-200,-200,-200,-200,-67,-200,-200,-200,-200,-200,-200,-200,62
-200,-200,-200,-200,-200,-69,-200,-200,-200,-200,-200,-200,-200,62
-200,-200,-200,-81,-200,-77,-200,-200,-200,-200,-200,-200,-200,62
-200,-200,-200,-200,-200,-74,-200,-200,-200,-200,-200,-200,-200,62
-200,-200,-200,-200,-200,-77,-200,-200,-200,-200,-200,-200,-200,68
-200,-200,-200,-81,-200,-77,-200,-200,-200,-200,-200,-200,-200,68
-200,-200,-200,-200,-200,-79,-200,-200,-200,-200,-200,-200,-200,68
-200,-200,-200,-80,-200,-80,-200,-200,-200,-200,-200,-200,-200,68
-200,-200,-200,-200,-200,-80,-200,-200,-200,-200,-200,-200,-200,75
-200,-200,-200,-200,-200,-76,-200,-200,-200,-200,-200,-200,-200,75
-200,-200,-200,-200,-200,-200,-81,-200,-200,-200,-200,-200,-200,81
-200,-200,-200,-78,-200,-200,-79,-200,-200,-200,-200,-200,-200,81
-200,-200,-200,-200,-200,-200,-77,-200,-200,-200,-200,-200,-200,81
-200,-200,-200,-74,-200,-200,-200,-200,-200,-200,-200,-200,-200,88
-200,-200,-200,-77,-200,-200,-82,-200,-200,-200,-200,-200,-200,88
-200,-200,-200,-82,-200,-200,-78,-200,-200,-200,-200,-200,-200,88
-200,-200,-200,-200,-200,-200,-80,-200,-200,-200,-200,-200,-200,88
-200,-200,-200,-78,-200,-200,-200,-200,-200,-200,-200,-200,-200,88
-200,-200,-200,-78,-200,-200,-79,-200,-200,-200,-200,-200,-200,88
-200,-200,-200,-71,-200,-200,-200,-200,-200,-200,-200,-200,-200,101
-200,-200,-200,-71,-200,-200,-200,-200,-200,-200,-200,-200,-200,101
-200,-200,-200,-77,-200,-200,-200,-200,-200,-200,-200,-200,-200,101
-200,-200,-200,-77,-200,-200,-200,-200,-200,-200,-200,-200,-200,101
-200,-200,-200,-81,-200,-200,-200,-200,-200,-200,-200,-200,-200,95
-200,-200,-200,-80,-200,-200,-200,-200,-200,-200,-200,-200,-200,95
-200,-200,-200,-200,-200,-200,-80,-200,-200,-200,-200,-200,-200,95
-200,-200,-200,-76,-200,-200,-200,-200,-200,-200,-200,-200,-200,95
-200,-200,-200,-78,-200,-200,-200,-200,-200,-200,-200,-200,-200,95
-200,-200,-200,-74,-200,-200,-200,-200,-200,-200,-200,-200,-200,87
-200,-200,-200,-63,-200,-200,-200,-200,-200,-200,-200,-200,-200,87
-200,-200,-200,-65,-200,-200,-82,-200,-200,-200,-200,-200,-200,87
-200,-200,-200,-70,-200,-200,-200,-200,-200,-200,-200,-200,-200,87
-200,-200,-200,-70,-200,-200,-200,-200,-200,-200,-200,-200,-200,87
-200,-200,-200,-76,-200,-200,-200,-200,-200,-200,-200,-200,-200,87
-200,-200,-200,-70,-200,-200,-200,-200,-200,-200,-200,-200,-200,87
-200,-200,-200,-71,-200,-200,-200,-200,-200,-200,-200,-200,-200,80
-200,-200,-200,-79,-200,-200,-200,-200,-200,-200,-200,-200,-200,80
-200,-200,-200,-75,-200,-200,-200,-200,-200,-200,-200,-200,-200,80
-200,-200,-200,-76,-200,-200,-200,-200,-200,-200,-200,-200,-200,80
-200,-200,-200,-77,-200,-200,-81,-200,-200,-200,-200,-200,-200,80
-200,-200,-200,-200,-200,-200,-80,-200,-200,-200,-200,-200,-200,80
-200,-200,-200,-65,-200,-200,-200,-200,-200,-200,-200,-200,-200,80
-200,-200,-200,-70,-200,-200,-81,-200,-200,-200,-200,-200,-200,80
-200,-81,-200,-78,-200,-200,-200,-200,-200,-200,-200,-200,-200,74
-200,-200,-200,-81,-200,-200,-200,-200,-200,-200,-200,-200,-200,74
-200,-200,-200,-67,-200,-200,-200,-200,-200,-200,-200,-200,-200,74
-200,-200,-200,-75,-200,-200,-200,-200,-200,-200,-200,-200,-200,74
-200,-200,-200,-69,-200,-200,-200,-200,-200,-200,-200,-200,-200,74
-200,-200,-200,-69,-200,-200,-200,-200,-200,-200,-200,-200,-200,74
-200,-200,-200,-76,-200,-200,-200,-200,-200,-200,-200,-200,-200,74
-200,-200,-200,-72,-200,-200,-200,-200,-200,-200,-200,-200,-200,74
-200,-200,-200,-79,-200,-200,-200,-200,-200,-200,-200,-200,-200,74
-200,-200,-200,-74,-200,-200,-200,-200,-200,-200,-200,-200,-200,74
-200,-200,-200,-75,-200,-200,-200,-200,-200,-200,-200,-200,-200,74
-200,-200,-200,-200,-200,-80,-200,-200,-200,-200,-200,-200,-200,74
-200,-200,-200,-79,-200,-76,-200,-200,-200,-200,-200,-200,-200,67
-200,-200,-200,-200,-200,-76,-200,-200,-200,-200,-200,-200,-200,67
-200,-200,-200,-71,-200,-200,-200,-200,-200,-200,-200,-200,-200,67
-200,-200,-200,-72,-200,-200,-200,-200,-200,-200,-200,-200,-200,67
-200,-200,-200,-80,-200,-80,-200,-200,-200,-200,-200,-200,-200,67
-200,-200,-200,-76,-200,-79,-200,-200,-200,-200,-200,-200,-200,67
-200,-200,-200,-76,-200,-200,-200,-200,-200,-200,-200,-200,-200,61
-200,-200,-200,-72,-200,-200,-200,-200,-200,-200,-200,-200,-200,61
-200,-200,-200,-72,-200,-200,-200,-200,-200,-200,-200,-200,-200,61
-200,-200,-200,-71,-200,-200,-200,-200,-200,-200,-200,-200,-200,61
-200,-200,-200,-77,-200,-200,-200,-200,-200,-200,-200,-200,-200,61
-200,-200,-200,-77,-200,-200,-200,-200,-200,-200,-200,-200,-200,61
-200,-200,-200,-77,-200,-75,-200,-200,-200,-200,-200,-200,-200,61
-200,-200,-200,-80,-200,-74,-200,-200,-200,-200,-200,-200,-200,61
-200,-200,-200,-73,-200,-200,-200,-200,-200,-200,-200,-200,-200,61
-200,-200,-200,-73,-200,-80,-200,-200,-200,-200,-200,-200,-200,61
-200,-200,-200,-79,-200,-78,-200,-200,-200,-200,-200,-200,-200,61
-200,-200,-200,-80,-200,-77,-200,-200,-200,-200,-200,-200,-200,61
-200,-200,-200,-79,-82,-200,-200,-200,-200,-200,-200,-200,-200,54
-200,-200,-200,-200,-200,-78,-200,-200,-200,-200,-200,-200,-200,54
-200,-200,-200,-200,-200,-73,-200,-200,-200,-200,-200,-200,-200,54
-200,-200,-200,-200,-200,-79,-200,-200,-200,-200,-200,-200,-200,54
-200,-200,-200,-200,-200,-76,-200,-200,-200,-200,-200,-200,-200,54
-200,-200,-200,-200,-200,-78,-200,-200,-200,-200,-200,-200,-200,54
-200,-200,-200,-77,-200,-78,-200,-200,-200,-200,-200,-200,-200,48
-200,-200,-200,-200,-200,-81,-200,-200,-200,-200,-200,-200,-200,48
-200,-200,-200,-200,-200,-79,-200,-200,-200,-200,-200,-200,-200,48
-200,-81,-200,-200,-78,-200,-200,-200,-200,-200,-200,-200,-200,48
-200,-200,-200,-200,-80,-200,-200,-200,-200,-200,-200,-200,-200,48
-200,-77,-200,-200,-200,-200,-200,-200,-200,-200,-200,-200,-200,39
-200,-81,-200,-200,-200,-200,-200,-200,-200,-200,-200,-200,-200,39
-200,-77,-200,-80,-200,-200,-200,-200,-200,-200,-200,-200,-200,39
-200,-200,-200,-200,-200,-74,-200,-200,-200,-200,-200,-200,-200,39
-200,-200,-200,-200,-200,-74,-200,-200,-200,-200,-200,-200,-200,39
-200,-81,-200,-200,-200,-79,-200,-200,-200,-200,-200,-200,-200,31
-200,-78,-200,-78,-200,-77,-200,-200,-200,-200,-200,-200,-200,31
-200,-80,-200,-200,-200,-82,-200,-200,-200,-200,-200,-200,-200,31
-200,-74,-200,-200,-200,-200,-200,-200,-200,-200,-200,-200,-200,31
-200,-70,-200,-200,-200,-200,-200,-200,-200,-200,-200,-200,-200,31
-200,-70,-200,-200,-200,-200,-200,-200,-200,-200,-200,-200,-200,31
-200,-69,-200,-200,-200,-200,-200,-200,-200,-200,-200,-200,-200,31
-200,-76,-200,-200,-200,-200,-200,-200,-200,-200,-200,-200,-200,31
-200,-72,-200,-200,-200,-200,-200,-200,-200,-200,-200,-200,-200,31
-200,-66,-200,-200,-200,-200,-200,-200,-200,-200,-200,-200,-200,21
-200,-67,-200,-200,-82,-200,-200,-200,-200,-200,-200,-200,-200,21
-200,-71,-200,-200,-200,-200,-200,-200,-200,-200,-200,-200,-200,21
-200,-69,-200,-200,-200,-200,-200,-200,-200,-200,-200,-200,-200,21
-200,-65,-200,-200,-200,-200,-200,-80,-200,-200,-200,-200,-200,21
-200,-64,-200,-200,-200,-200,-200,-200,-200,-200,-200,-200,-200,21
-200,-66,-200,-200,-200,-200,-200,-200,-200,-200,-200,-200,-200,10
-200,-78,-200,-200,-200,-200,-200,-200,-200,-200,-200,-200,-200,10
-200,-75,-200,-200,-200,-200,-200,-200,-200,-200,-200,-200,-200,10
-200,-71,-200,-200,-200,-200,-200,-200,-200,-200,-200,-200,-200,10
-200,-73,-200,-200,-200,-200,-200,-200,-200,-200,-200,-200,-200,10
-200,-68,-200,-200,-200,-200,-200,-200,-200,-200,-200,-200,-200,10
-74,-200,-200,-200,-200,-200,-200,-200,-200,-200,-200,-200,-200,9
-200,-76,-200,-200,-200,-200,-200,-200,-200,-200,-200,-200,-200,9
-200,-70,-79,-200,-200,-200,-200,-200,-200,-200,-200,-200,-200,9
-200,-78,-200,-200,-200,-200,-200,-200,-200,-200,-200,-200,-200,9
-200,-65,-200,-200,-200,-200,-200,-200,-200,-200,-200,-200,-200,9
-200,-65,-200,-200,-200,-200,-200,-200,-200,-200,-200,-200,-200,9
-200,-75,-79,-200,-200,-200,-200,-200,-200,-200,-200,-200,-200,20
-200,-73,-200,-200,-200,-200,-200,-200,-200,-200,-200,-200,-200,20
-200,-76,-81,-200,-200,-200,-200,-200,-200,-200,-200,-200,-200,20
-200,-67,-200,-200,-200,-200,-200,-200,-200,-200,-200,-200,-200,20
-200,-68,-200,-200,-200,-200,-200,-200,-200,-200,-200,-200,-200,20
-200,-68,-200,-200,-200,-200,-200,-200,-200,-200,-200,-200,-200,20
-200,-70,-79,-200,-200,-200,-200,-200,-200,-200,-200,-200,-200,20
-200,-66,-200,-200,-200,-200,-200,-200,-200,-200,-200,-200,-200,20
-200,-66,-75,-200,-200,-200,-200,-200,-200,-200,-200,-200,-200,30
-200,-66,-79,-200,-200,-200,-200,-200,-200,-200,-200,-200,-200,30
-200,-66,-200,-200,-200,-200,-200,-200,-200,-200,-200,-200,-200,30
-200,-68,-77,-200,-200,-200,-200,-200,-200,-200,-200,-200,-200,30
-200,-64,-200,-200,-200,-200,-200,-200,-200,-200,-200,-200,-200,30
-200,-63,-200,-200,-200,-200,-200,-200,-200,-200,-200,-200,-200,30
-200,-66,-200,-200,-200,-200,-200,-200,-200,-200,-200,-200,-200,30
-200,-62,-200,-200,-200,-200,-200,-200,-200,-200,-200,-200,-200,30
-200,-67,-200,-200,-200,-200,-200,-200,-200,-200,-200,-200,-200,30
-200,-65,-200,-200,-200,-200,-200,-200,-200,-200,-200,-200,-200,30
-200,-66,-200,-200,-200,-200,-200,-200,-200,-200,-200,-200,-200,30
-200,-67,-81,-200,-200,-81,-200,-200,-200,-200,-200,-200,-200,30
-200,-200,-85,-200,-200,-200,-200,-200,-200,-200,-200,-200,-200,38
-200,-70,-200,-200,-200,-80,-200,-200,-200,-200,-200,-200,-200,38
-200,-66,-200,-200,-200,-200,-200,-200,-200,-200,-200,-200,-200,38
-200,-66,-200,-200,-200,-200,-200,-200,-200,-200,-200,-200,-200,38
-200,-66,-200,-200,-200,-200,-200,-200,-200,-200,-200,-200,-200,38
-200,-64,-200,-200,-200,-200,-200,-200,-200,-200,-200,-200,-200,38
-200,-71,-78,-200,-200,-200,-200,-200,-200,-200,-200,-200,-200,38
-200,-72,-80,-200,-200,-200,-200,-200,-200,-200,-200,-200,-200,38
-200,-72,-79,-200,-200,-200,-200,-200,-200,-200,-200,-200,-200,47
-200,-73,-200,-200,-200,-200,-200,-200,-200,-200,-200,-200,-200,47
-200,-75,-200,-200,-200,-200,-200,-200,-200,-200,-200,-200,-200,47
-200,-73,-200,-200,-200,-200,-200,-200,-200,-200,-200,-200,-200,47
-200,-81,-78,-200,-200,-200,-200,-200,-200,-200,-200,-200,-200,47
-200,-200,-78,-200,-200,-200,-200,-200,-200,-200,-200,-200,-200,47
-200,-200,-75,-200,-200,-200,-200,-200,-200,-200,-200,-200,-200,47
-200,-200,-74,-200,-200,-200,-200,-200,-200,-200,-200,-200,-200,47
-200,-71,-68,-200,-200,-200,-200,-200,-200,-200,-200,-200,-200,47
-200,-75,-200,-200,-200,-200,-200,-200,-200,-200,-200,-200,-200,47
-200,-75,-71,-200,-200,-200,-200,-200,-200,-200,-200,-200,-200,53
-200,-76,-68,-200,-200,-200,-200,-200,-200,-200,-200,-200,-200,53
-200,-78,-200,-200,-200,-200,-200,-200,-200,-200,-200,-200,-200,53
-200,-81,-60,-200,-200,-79,-200,-200,-200,-200,-200,-200,-200,53
-200,-81,-60,-200,-200,-200,-200,-200,-200,-200,-200,-200,-200,53
-200,-77,-60,-200,-200,-200,-200,-200,-200,-200,-200,-200,-200,60
-200,-77,-63,-200,-200,-77,-200,-200,-200,-200,-200,-200,-200,60
-200,-73,-56,-200,-200,-76,-200,-200,-200,-200,-200,-200,-200,60
-200,-77,-62,-200,-200,-80,-200,-200,-200,-200,-200,-200,-200,60
-200,-81,-61,-200,-200,-82,-200,-200,-200,-200,-200,-200,-200,60
-200,-77,-66,-200,-200,-78,-200,-200,-200,-200,-200,-200,-200,60
-200,-200,-74,-200,-200,-200,-200,-200,-200,-200,-200,-200,-200,60
-200,-200,-69,-200,-200,-200,-200,-200,-200,-200,-200,-200,-200,60
-200,-80,-75,-200,-200,-200,-200,-200,-200,-200,-200,-200,-200,60
-200,-77,-71,-200,-200,-200,-200,-200,-200,-200,-200,-200,-200,60
-200,-78,-63,-200,-200,-200,-200,-200,-200,-200,-200,-200,-200,60
-200,-200,-66,-200,-200,-200,-200,-200,-200,-200,-200,-200,-200,60
-200,-80,-81,-200,-200,-200,-200,-200,-200,-200,-200,-200,-200,66
-200,-200,-71,-200,-200,-200,-200,-200,-200,-200,-200,-200,-200,66
-200,-81,-76,-200,-200,-200,-200,-200,-200,-200,-200,-200,-200,66
-200,-80,-75,-200,-200,-200,-200,-200,-200,-200,-200,-200,-200,66
-200,-200,-74,-200,-200,-82,-200,-200,-200,-200,-200,-200,-200,66
-200,-200,-66,-200,-200,-79,-200,-200,-200,-200,-200,-200,-200,66
-200,-200,-76,-200,-200,-200,-200,-200,-200,-200,-200,-200,-200,66
-200,-81,-75,-200,-200,-77,-200,-200,-200,-200,-200,-200,-200,66
-200,-200,-74,-200,-200,-200,-200,-200,-200,-200,-200,-200,-200,66
-200,-200,-72,-80,-200,-200,-200,-200,-200,-200,-200,-200,-200,73
-200,-78,-71,-81,-200,-200,-80,-200,-200,-200,-200,-200,-200,73
-200,-79,-72,-200,-200,-200,-81,-200,-200,-200,-200,-200,-200,73
-200,-200,-74,-200,-200,-200,-81,-200,-200,-200,-200,-200,-200,73
-200,-79,-74,-200,-200,-200,-200,-200,-200,-200,-200,-200,-200,73
-200,-200,-75,-200,-200,-200,-200,-200,-200,-200,-200,-200,-200,73
-200,-79,-200,-81,-200,-200,-200,-200,-200,-200,-200,-200,-200,73
-200,-200,-75,-80,-200,-200,-200,-200,-200,-200,-200,-200,-200,73
-200,-200,-74,-79,-200,-200,-200,-200,-200,-200,-200,-200,-200,73
-200,-200,-77,-200,-200,-200,-200,-200,-200,-200,-200,-200,-200,73
-200,-200,-200,-69,-200,-200,-200,-200,-200,-200,-200,-200,-200,79
-200,-200,-75,-77,-200,-200,-200,-200,-200,-200,-200,-200,-200,79
-200,-200,-200,-72,-200,-200,-200,-200,-200,-200,-200,-200,-200,79
-200,-200,-79,-69,-200,-200,-200,-200,-200,-200,-200,-200,-200,79
-200,-200,-80,-72,-200,-200,-200,-200,-200,-200,-200,-200,-200,79
-200,-200,-200,-61,-200,-200,-200,-200,-200,-200,-200,-200,-200,86
-200,-200,-200,-64,-200,-200,-200,-200,-200,-200,-200,-200,-200,86
-200,-200,-79,-66,-200,-200,-200,-200,-200,-200,-200,-200,-200,86
-200,-200,-80,-62,-200,-200,-200,-200,-200,-200,-200,-200,-200,86
-200,-200,-200,-59,-200,-200,-200,-200,-200,-200,-200,-200,-200,86
-200,-200,-200,-61,-200,-200,-200,-200,-200,-200,-200,-200,-200,86
-200,-200,-200,-69,-200,-200,-200,-200,-200,-200,-200,-200,-200,94
-200,-200,-200,-69,-200,-200,-200,-200,-200,-200,-200,-200,-200,94
-200,-200,-200,-67,-200,-200,-200,-200,-200,-200,-200,-200,-200,94
-200,-200,-200,-67,-200,-200,-200,-200,-200,-200,-200,-200,-200,94
-200,-200,-200,-68,-200,-200,-200,-200,-200,-200,-200,-200,-200,94
-200,-200,-200,-70,-200,-200,-200,-200,-200,-200,-200,-200,-200,94
-200,-200,-200,-72,-200,-200,-200,-200,-200,-200,-200,-200,-200,100
-200,-200,-200,-70,-200,-200,-200,-200,-200,-200,-200,-200,-200,100
-200,-200,-200,-70,-200,-200,-200,-200,-200,-200,-200,-200,-200,100
-200,-200,-200,-71,-200,-200,-200,-200,-200,-200,-200,-200,-200,100
-200,-200,-200,-67,-200,-200,-200,-200,-200,-200,-200,-200,-200,100
-200,-200,-200,-71,-200,-200,-200,-200,-200,-200,-200,-200,-200,100
-200,-200,-200,-71,-200,-200,-200,-200,-200,-200,-200,-200,-200,100
-200,-200,-200,-80,-200,-200,-200,-200,-200,-200,-200,-200,-200,99
-200,-200,-200,-78,-200,-200,-200,-200,-200,-200,-200,-200,-200,99
-200,-200,-200,-74,-200,-200,-200,-200,-200,-200,-200,-200,-200,99
-200,-200,-200,-72,-200,-200,-200,-200,-200,-200,-200,-200,-200,99
-200,-200,-200,-71,-200,-200,-200,-200,-200,-200,-200,-200,-200,99
-200,-200,-200,-70,-200,-200,-200,-200,-200,-200,-200,-200,-200,99
-200,-200,-200,-77,-200,-200,-200,-200,-200,-200,-200,-200,-200,99
-200,-200,-200,-73,-200,-200,-200,-200,-200,-200,-200,-200,-200,93
-200,-200,-200,-77,-200,-200,-200,-200,-200,-200,-200,-200,-200,93
-200,-200,-200,-78,-200,-200,-200,-200,-200,-200,-200,-200,-200,93
-200,-200,-200,-70,-200,-200,-200,-200,-200,-200,-200,-200,-200,85
-200,-200,-200,-73,-200,-200,-200,-200,-200,-200,-200,-200,-200,85
-200,-200,-200,-81,-200,-200,-200,-200,-200,-200,-200,-200,-200,85
-200,-200,-200,-70,-200,-200,-200,-200,-200,-200,-200,-200,-200,85
-200,-200,-200,-71,-200,-200,-200,-200,-200,-200,-200,-200,-200,85
-200,-200,-200,-70,-200,-200,-200,-200,-200,-200,-200,-200,-200,85
-200,-200,-200,-72,-200,-200,-200,-200,-200,-200,-200,-200,-200,85
-200,-200,-200,-69,-200,-200,-79,-200,-200,-200,-200,-200,-200,85
-200,-200,-200,-66,-200,-200,-200,-200,-200,-200,-200,-200,-200,85
-200,-200,-200,-66,-200,-200,-200,-200,-200,-200,-200,-200,-200,85
-200,-200,-200,-75,-200,-200,-78,-200,-200,-200,-200,-200,-200,78
-200,-200,-200,-78,-200,-200,-79,-200,-200,-200,-200,-200,-200,78
-200,-200,-200,-76,-200,-200,-200,-200,-200,-200,-200,-200,-200,78
-200,-200,-200,-72,-200,-200,-200,-200,-200,-200,-200,-200,-200,78
-200,-200,-200,-71,-200,-200,-200,-200,-200,-200,-200,-200,-200,78
-200,-200,-200,-78,-200,-200,-200,-200,-200,-200,-200,-200,-200,78
-200,-200,-200,-76,-200,-200,-200,-200,-200,-200,-200,-200,-200,78
-200,-200,-200,-76,-200,-200,-200,-200,-200,-200,-200,-200,-200,78
-200,-200,-200,-77,-200,-200,-200,-200,-200,-200,-200,-200,-200,78
-200,-200,-200,-74,-200,-200,-200,-200,-200,-200,-200,-200,-200,72
-200,-200,-200,-73,-200,-200,-200,-200,-200,-200,-200,-200,-200,72
-200,-200,-200,-75,-200,-200,-200,-200,-200,-200,-200,-200,-200,72
-200,-200,-200,-76,-200,-200,-200,-200,-200,-200,-200,-200,-200,72
-200,-200,-78,-77,-200,-200,-200,-200,-200,-200,-200,-200,-200,72
-200,-200,-200,-75,-200,-200,-200,-200,-200,-200,-200,-200,-200,72
-200,-200,-81,-82,-200,-200,-200,-200,-200,-200,-200,-200,-200,72
-200,-200,-200,-76,-200,-200,-200,-200,-200,-200,-200,-200,-200,72
-200,-200,-200,-77,-200,-200,-200,-200,-200,-200,-200,-200,-200,72
-200,-200,-200,-75,-200,-200,-200,-200,-200,-200,-200,-200,-200,65
-200,-200,-200,-76,-200,-200,-200,-200,-200,-200,-200,-200,-200,65
-200,-200,-81,-81,-200,-200,-200,-200,-200,-200,-200,-200,-200,65
-200,-200,-82,-200,-200,-200,-200,-200,-200,-200,-200,-200,-200,65
-200,-200,-79,-74,-200,-200,-200,-200,-200,-200,-200,-200,-200,65
-200,-200,-81,-73,-200,-200,-200,-200,-200,-200,-200,-200,-200,65
-200,-200,-77,-79,-200,-200,-200,-200,-200,-200,-200,-200,-200,59
-200,-200,-200,-77,-200,-200,-200,-200,-200,-200,-200,-200,-200,59
-200,-200,-75,-200,-200,-71,-200,-200,-200,-200,-200,-200,-200,59
-200,-200,-75,-81,-200,-200,-200,-200,-200,-200,-200,-200,-200,59
-200,-200,-70,-200,-200,-73,-200,-200,-200,-200,-200,-200,-200,59
-200,-200,-73,-200,-200,-77,-200,-200,-200,-200,-200,-200,-200,59
-200,-200,-72,-200,-200,-74,-200,-200,-200,-200,-200,-200,-200,59
-200,-200,-77,-200,-200,-82,-200,-200,-200,-200,-200,-200,-200,59
-200,-200,-80,-200,-200,-77,-200,-200,-200,-200,-200,-200,-200,59
-200,-200,-73,-200,-200,-74,-200,-200,-200,-200,-200,-200,-200,59
-200,-200,-66,-200,-200,-75,-200,-200,-200,-200,-200,-200,-200,52
-200,-200,-69,-200,-200,-73,-200,-200,-200,-200,-200,-200,-200,52
-200,-200,-80,-200,-200,-77,-200,-200,-200,-200,-200,-200,-200,52
-200,-200,-70,-200,-200,-77,-200,-200,-200,-200,-200,-200,-200,52
-200,-200,-68,-200,-200,-76,-200,-200,-200,-200,-200,-200,-200,52
-200,-200,-74,-81,-200,-75,-200,-200,-200,-200,-200,-200,-200,52
-200,-200,-71,-200,-82,-76,-200,-200,-200,-200,-200,-200,-200,52
-200,-200,-69,-200,-81,-78,-200,-200,-200,-200,-200,-200,-200,52
-200,-200,-73,-200,-200,-73,-200,-200,-200,-200,-200,-200,-200,46
-200,-200,-69,-200,-200,-73,-200,-200,-200,-200,-200,-200,-200,46
-200,-200,-63,-200,-200,-72,-200,-200,-200,-200,-200,-200,-200,46
-200,-200,-63,-200,-200,-72,-200,-200,-200,-200,-200,-200,-200,46
-200,-200,-65,-200,-80,-76,-200,-200,-200,-200,-200,-200,-200,46
-200,-200,-64,-200,-200,-78,-200,-200,-200,-200,-200,-200,-200,46
-200,-79,-74,-200,-200,-200,-200,-200,-200,-200,-200,-200,-200,37
-200,-76,-74,-200,-81,-200,-200,-200,-200,-200,-200,-200,-200,37
-200,-78,-79,-200,-200,-200,-200,-200,-200,-200,-200,-200,-200,37
-200,-78,-200,-200,-200,-200,-200,-200,-200,-200,-200,-200,-200,37
-200,-77,-78,-200,-200,-200,-200,-200,-200,-200,-200,-200,-200,37
-200,-77,-77,-200,-200,-200,-200,-200,-200,-200,-200,-200,-200,37
-200,-78,-200,-200,-200,-200,-200,-200,-200,-200,-200,-200,-200,29
-200,-76,-76,-200,-200,-200,-200,-200,-200,-200,-200,-200,-200,29
-200,-200,-81,-200,-200,-78,-200,-200,-200,-200,-200,-200,-200,29
-200,-73,-81,-200,-200,-200,-200,-200,-200,-200,-200,-200,-200,29
-200,-200,-78,-200,-200,-200,-200,-200,-200,-200,-200,-200,-200,29
-200,-73,-200,-200,-200,-200,-200,-200,-200,-200,-200,-200,-200,29
-200,-200,-82,-200,-200,-200,-200,-200,-200,-200,-200,-200,-200,29
-200,-81,-200,-200,-200,-200,-200,-200,-200,-200,-200,-200,-200,29
-200,-64,-75,-200,-200,-200,-200,-200,-200,-200,-200,-200,-200,19
-200,-64,-80,-200,-200,-200,-200,-200,-200,-200,-200,-200,-200,19
-200,-63,-200,-200,-200,-200,-200,-200,-200,-200,-200,-200,-200,19
-200,-65,-200,-200,-200,-200,-200,-200,-200,-200,-200,-200,-200,19
-200,-64,-200,-200,-200,-200,-200,-200,-200,-200,-200,-200,-200,19
-200,-78,-81,-200,-200,-200,-200,-200,-200,-200,-200,-200,-200,19
-200,-76,-81,-200,-200,-200,-200,-200,-200,-200,-200,-200,-200,19
-200,-66,-200,-200,-200,-200,-200,-200,-200,-200,-200,-200,-200,19
-200,-68,-77,-200,-200,-200,-200,-200,-200,-200,-200,-200,-200,8
-200,-70,-200,-200,-200,-200,-200,-200,-200,-200,-200,-200,-200,8
-200,-74,-78,-200,-200,-200,-200,-200,-200,-200,-200,-200,-200,8
-200,-72,-200,-200,-200,-200,-200,-200,-200,-200,-200,-200,-200,8
-200,-68,-200,-200,-200,-200,-200,-200,-200,-200,-200,-200,-200,8
-200,-75,-79,-200,-200,-200,-200,-200,-200,-200,-200,-200,-200,8
-200,-75,-78,-200,-200,-200,-200,-200,-200,-200,-200,-200,-200,8
-200,-74,-79,-200,-200,-200,-200,-200,-200,-200,-200,-200,-200,8
-200,-200,-200,-76,-200,-200,-200,-200,-200,-200,-200,-200,-200,98
-200,-200,-200,-74,-200,-200,-200,-200,-200,-200,-200,-200,-200,98
-200,-200,-200,-76,-200,-200,-200,-200,-200,-200,-200,-200,-200,98
-200,-200,-200,-75,-200,-200,-200,-200,-200,-200,-200,-200,-200,98
-200,-200,-200,-75,-200,-200,-200,-200,-200,-200,-200,-200,-200,98
-200,-200,-200,-77,-200,-200,-200,-200,-200,-200,-200,-200,-200,98
-200,-200,-200,-77,-200,-200,-200,-200,-200,-200,-200,-200,-200,98
-200,-200,-200,-79,-200,-200,-200,-200,-200,-200,-200,-200,-200,97
-200,-200,-200,-81,-200,-200,-200,-200,-200,-200,-200,-200,-200,97
-200,-200,-87,-81,-200,-200,-200,-200,-200,-200,-200,-200,-200,97
-200,-200,-200,-80,-200,-200,-200,-200,-200,-200,-200,-200,-200,97
-200,-87,-200,-200,-200,-200,-200,-200,-200,-200,-200,-200,-200,98
-200,-200,-200,-80,-200,-200,-200,-200,-200,-200,-200,-200,-200,92
-200,-200,-200,-79,-200,-200,-200,-200,-200,-200,-200,-200,-200,92
-200,-200,-200,-78,-200,-200,-200,-200,-200,-200,-200,-200,-200,84
-200,-200,-200,-74,-200,-200,-200,-200,-200,-200,-200,-200,-200,84
-200,-200,-200,-75,-200,-200,-200,-200,-200,-200,-200,-200,-200,84
-200,-200,-200,-76,-200,-200,-200,-200,-200,-200,-200,-200,-200,84
-200,-200,-200,-71,-200,-200,-200,-200,-200,-200,-200,-200,-200,84
-200,-200,-200,-74,-200,-200,-200,-200,-200,-200,-200,-200,-200,84
-200,-200,-200,-72,-200,-200,-200,-200,-200,-200,-200,-200,-200,84
-200,-200,-200,-79,-200,-200,-200,-200,-200,-200,-200,-200,-200,83
-200,-200,-200,-78,-200,-200,-200,-200,-200,-200,-200,-200,-200,83
-200,-200,-200,-77,-200,-200,-200,-200,-200,-200,-200,-200,-200,83
-200,-200,-200,-78,-200,-200,-200,-200,-200,-200,-200,-200,-200,83
-200,-200,-200,-78,-200,-200,-200,-200,-200,-200,-200,-200,-200,83
-200,-200,-200,-74,-200,-200,-200,-200,-200,-200,-200,-200,-200,83
-200,-200,-200,-73,-200,-200,-200,-200,-200,-200,-200,-200,-200,83
-200,-200,-200,-76,-200,-200,-200,-200,-200,-200,-200,-200,-200,83
-200,-200,-200,-76,-200,-200,-200,-200,-200,-200,-200,-200,-200,83
-200,-200,-200,-77,-200,-200,-200,-200,-200,-200,-200,-200,-200,83
-200,-200,-200,-74,-200,-200,-200,-200,-200,-200,-200,-200,-200,83
-200,-200,-200,-69,-200,-200,-200,-200,-200,-200,-200,-200,-200,77
-200,-200,-200,-70,-200,-200,-200,-200,-200,-200,-200,-200,-200,77
-200,-200,-200,-78,-200,-200,-200,-200,-200,-200,-200,-200,-200,77
-200,-200,-200,-72,-200,-200,-200,-200,-200,-200,-200,-200,-200,77
-200,-200,-200,-76,-200,-200,-200,-200,-200,-200,-200,-200,-200,77
-200,-200,-200,-74,-200,-200,-200,-200,-200,-200,-200,-200,-200,77
-200,-200,-200,-78,-200,-200,-200,-200,-200,-200,-200,-200,-200,77
-200,-200,-200,-76,-200,-200,-200,-200,-200,-200,-200,-200,-200,77
-200,-200,-200,-78,-200,-200,-200,-200,-200,-200,-200,-200,-200,77
-200,-200,-200,-78,-200,-200,-200,-200,-200,-200,-200,-200,-200,76
-200,-200,-200,-81,-200,-200,-200,-200,-200,-200,-200,-200,-200,76
-200,-200,-200,-78,-200,-200,-200,-200,-200,-200,-200,-200,-200,76
-200,-200,-200,-80,-200,-200,-200,-200,-200,-200,-200,-200,-200,76
-200,-200,-200,-75,-200,-200,-200,-200,-200,-200,-200,-200,-200,76
-200,-200,-200,-75,-200,-200,-200,-200,-200,-200,-200,-200,-200,76
-200,-200,-200,-79,-200,-200,-200,-200,-200,-200,-200,-200,-200,76
-200,-200,-200,-78,-200,-200,-200,-200,-200,-200,-200,-200,-200,76
-200,-200,-200,-78,-200,-200,-200,-200,-200,-200,-200,-200,-200,76
-200,-200,-200,-73,-200,-200,-200,-200,-200,-200,-200,-200,-200,71
-200,-200,-200,-74,-200,-200,-200,-200,-200,-200,-200,-200,-200,71
-200,-200,-80,-200,-200,-200,-200,-200,-200,-200,-200,-200,-200,71
-200,-200,-200,-71,-200,-200,-200,-200,-200,-200,-200,-200,-200,71
-200,-200,-78,-78,-200,-200,-200,-200,-200,-200,-200,-200,-200,70
-200,-200,-77,-77,-200,-200,-200,-200,-200,-200,-200,-200,-200,70
-200,-200,-81,-77,-200,-200,-200,-200,-200,-200,-200,-200,-200,70
-200,-200,-76,-77,-200,-200,-200,-200,-200,-200,-200,-200,-200,70
-200,-200,-200,-78,-200,-200,-200,-200,-200,-200,-200,-200,-200,70
-200,-200,-200,-80,-200,-200,-200,-200,-200,-200,-200,-200,-200,70
-200,-81,-200,-200,-200,-200,-200,-200,-200,-200,-200,-200,-200,64
-200,-200,-81,-200,-200,-200,-200,-200,-200,-200,-200,-200,-200,64
-200,-200,-78,-200,-200,-200,-200,-200,-200,-200,-200,-200,-200,64
-200,-200,-81,-200,-200,-200,-200,-200,-200,-200,-200,-200,-200,64
-200,-200,-85,-200,-200,-200,-200,-200,-200,-200,-200,-200,-200,64
-200,-200,-79,-200,-200,-78,-200,-200,-200,-200,-200,-200,-200,63
-200,-200,-81,-200,-200,-200,-200,-200,-200,-200,-200,-200,-200,63
-200,-200,-200,-200,-200,-78,-200,-200,-200,-200,-200,-200,-200,63
-200,-200,-200,-200,-200,-78,-200,-200,-200,-200,-200,-200,-200,63
-200,-200,-200,-200,-200,-78,-200,-200,-200,-200,-200,-200,-200,63
-200,-200,-81,-200,-200,-200,-200,-200,-200,-200,-200,-200,-200,63
-200,-200,-200,-200,-200,-79,-200,-200,-200,-200,-200,-200,-200,63
-200,-200,-200,-200,-200,-79,-200,-200,-200,-200,-200,-200,-200,58
-200,-200,-200,-200,-200,-78,-200,-200,-200,-200,-200,-200,-200,58
-200,-200,-76,-200,-79,-78,-200,-200,-200,-200,-200,-200,-200,58
-200,-200,-200,-200,-80,-200,-200,-200,-200,-200,-200,-200,-200,58
-200,-200,-200,-200,-200,-81,-200,-200,-200,-200,-200,-200,-200,58
-200,-200,-200,-200,-200,-78,-200,-200,-200,-200,-200,-200,-200,57
-200,-200,-78,-200,-200,-78,-200,-200,-200,-200,-200,-200,-200,51
-200,-200,-71,-200,-200,-77,-200,-200,-200,-200,-200,-200,-200,51
-200,-200,-200,-200,-200,-77,-200,-200,-200,-200,-200,-200,-200,51
-200,-200,-77,-200,-200,-78,-200,-200,-200,-200,-200,-200,-200,51
-200,-200,-75,-200,-200,-75,-200,-200,-200,-200,-200,-200,-200,51
-200,-200,-78,-200,-200,-78,-200,-200,-200,-200,-200,-200,-200,51
-200,-200,-76,-200,-200,-200,-200,-200,-200,-200,-200,-200,-200,50
-200,-200,-78,-200,-200,-73,-200,-200,-200,-200,-200,-200,-200,50
-200,-200,-200,-200,-200,-73,-200,-200,-200,-200,-200,-200,-200,50
-200,-81,-78,-200,-200,-74,-200,-200,-200,-200,-200,-200,-200,50
-200,-200,-80,-200,-200,-200,-200,-200,-200,-200,-200,-200,-200,50
-200,-200,-200,-200,-200,-79,-200,-200,-200,-200,-200,-200,-200,50
-200,-200,-77,-200,-200,-200,-200,-200,-200,-200,-200,-200,-200,45
-200,-200,-74,-200,-200,-76,-200,-200,-200,-200,-200,-200,-200,45
-200,-200,-79,-200,-200,-200,-200,-200,-200,-200,-200,-200,-200,45
-200,-200,-200,-200,-200,-75,-200,-200,-200,-200,-200,-200,-200,45
-200,-200,-200,-200,-200,-76,-200,-200,-200,-200,-200,-200,-200,45
-200,-200,-200,-200,-200,-76,-200,-200,-200,-200,-200,-200,-200,45
-200,-200,-79,-200,-200,-78,-200,-200,-200,-200,-200,-200,-200,45
-200,-200,-78,-200,-200,-200,-200,-200,-200,-200,-200,-200,-200,44
-200,-200,-76,-200,-200,-200,-200,-200,-200,-200,-200,-200,-200,44
-200,-200,-78,-200,-200,-200,-200,-200,-200,-200,-200,-200,-200,44
-200,-200,-75,-200,-200,-80,-200,-200,-200,-200,-200,-200,-200,44
-200,-200,-76,-200,-200,-200,-200,-200,-200,-200,-200,-200,-200,44
-200,-200,-200,-200,-200,-80,-200,-200,-200,-200,-200,-200,-200,36
-200,-200,-200,-200,-200,-80,-200,-200,-200,-200,-200,-200,-200,36
-200,-200,-200,-200,-200,-79,-200,-200,-200,-200,-200,-200,-200,36
-200,-81,-78,-200,-200,-200,-200,-200,-200,-200,-200,-200,-200,35
-200,-200,-76,-200,-200,-200,-200,-200,-200,-200,-200,-200,-200,35
-200,-200,-79,-200,-200,-80,-200,-200,-200,-200,-200,-200,-200,35
-200,-79,-200,-200,-200,-200,-200,-200,-200,-200,-200,-200,-200,28
-200,-81,-200,-200,-200,-200,-200,-200,-200,-200,-200,-200,-200,28
-200,-84,-200,-200,-200,-200,-200,-200,-200,-200,-200,-200,-200,28
-200,-200,-200,-200,-200,-79,-200,-200,-200,-200,-200,-200,-200,27
-200,-68,-200,-200,-200,-200,-200,-200,-200,-200,-200,-200,-200,18
-200,-75,-200,-200,-200,-200,-200,-200,-200,-200,-200,-200,-200,18
-200,-73,-200,-200,-200,-200,-200,-200,-200,-200,-200,-200,-200,18
-200,-72,-80,-200,-200,-200,-200,-200,-200,-200,-200,-200,-200,18
-200,-74,-200,-200,-200,-200,-200,-200,-200,-200,-200,-200,-200,7
-200,-67,-200,-200,-200,-200,-200,-200,-200,-200,-200,-200,-200,7
-200,-66,-200,-200,-200,-200,-200,-200,-200,-200,-200,-200,-200,7
-200,-66,-200,-200,-200,-200,-200,-200,-200,-200,-200,-200,-200,7
-200,-67,-200,-200,-200,-200,-200,-200,-200,-200,-200,-200,-200,7
-200,-65,-200,-200,-200,-200,-200,-200,-200,-200,-200,-200,-200,7
-200,-79,-200,-200,-200,-80,-200,-200,-200,-200,-200,-200,-200,17
-200,-66,-200,-200,-200,-200,-200,-200,-200,-200,-200,-200,-200,17
-200,-200,-200,-200,-200,-79,-200,-200,-200,-200,-200,-200,-200,17
-200,-68,-200,-200,-200,-200,-200,-200,-200,-200,-200,-200,-200,17
-200,-70,-200,-200,-200,-200,-200,-200,-200,-200,-200,-200,-200,6
-200,-76,-200,-200,-200,-200,-200,-200,-200,-200,-200,-200,-200,6
-200,-72,-200,-200,-200,-200,-200,-200,-200,-200,-200,-200,-200,6
-200,-67,-200,-200,-200,-200,-200,-200,-200,-200,-200,-200,-200,6
-200,-79,-200,-200,-200,-200,-200,-200,-200,-200,-200,-200,-200,6
-200,-75,-200,-200,-200,-200,-200,-200,-200,-200,-200,-200,-200,6
