1,0,1,7,255,255,255,1,1,0,7,255,255,255,7,7,7,0,255,255,255,255,255,255,255,0,1,2,255,255,255,255,1,0,2,255,255,255,255,2,2,0,255,255,255,255,2,2,1,0
1,1,0,7,255,255,255,7,7,7,0,255,255,255,255,255,255,255,0,1,2,255,255,255,255,1,0,2,255,255,255,255,2,2,0,255,255,255,255,2,2,1,255,255,255,255,2,2,1,0
7,7,7,0,255,255,255,255,255,255,255,0,1,2,255,255,255,255,1,0,2,255,255,255,255,2,2,0,255,255,255,255,2,2,1,255,255,255,255,2,2,1,255,255,255,255,2,2,1,0
255,255,255,255,0,1,2,255,255,255,255,1,0,2,255,255,255,255,2,2,0,255,255,255,255,2,2,1,255,255,255,255,2,2,1,255,255,255,255,2,2,1,255,255,255,255,2,2,1,0
255,255,255,255,1,0,2,255,255,255,255,2,2,0,255,255,255,255,2,2,1,255,255,255,255,2,2,1,255,255,255,255,2,2,1,255,255,255,255,2,2,1,255,255,255,255,2,2,1,0
255,255,255,255,2,2,0,255,255,255,255,2,2,1,255,255,255,255,2,2,1,255,255,255,255,2,2,1,255,255,255,255,2,2,1,255,255,255,255,2,2,1,255,255,255,255,2,2,1,0
255,255,255,255,2,2,1,255,255,255,255,2,2,1,255,255,255,255,2,2,1,255,255,255,255,2,2,1,255,255,255,255,2,2,1,255,255,255,255,2,2,1,255,255,255,255,2,2,1,0
255,255,255,255,2,2,1,255,255,255,255,2,2,1,255,255,255,255,2,2,1,255,255,255,255,2,2,1,255,255,255,255,2,2,1,255,255,255,255,2,2,1,255,255,255,255,2,2,1,0
255,255,255,255,2,2,1,255,255,255,255,2,2,1,255,255,255,255,2,2,1,255,255,255,255,2,2,1,255,255,255,255,2,2,1,255,255,255,255,2,2,1,255,255,255,255,2,2,1,0
255,255,255,255,2,2,1,255,255,255,255,2,2,1,255,255,255,255,2,2,1,255,255,255,255,2,2,1,255,255,255,255,2,2,1,255,255,255,255,2,2,1,255,255,255,255,2,2,1,0
255,255,255,255,2,2,1,255,255,255,255,2,2,1,255,255,255,255,2,2,1,255,255,255,255,2,2,1,255,255,255,255,2,2,1,255,255,255,255,2,2,1,255,255,255,255,2,2,1,0
255,255,255,255,2,2,1,255,255,255,255,2,2,1,255,255,255,255,2,2,1,255,255,255,255,2,2,1,255,255,255,255,2,2,1,255,255,255,255,2,2,1,255,255,255,255,2,2,1,0
255,255,255,255,2,2,1,255,255,255,255,2,2,1,255,255,255,255,2,2,1,255,255,255,255,2,2,1,255,255,255,255,2,2,1,255,255,255,255,2,2,1,255,255,255,255,2,2,1,0
255,255,255,255,2,2,1,255,255,255,255,2,2,1,255,255,255,255,2,2,1,255,255,255,255,2,2,1,255,255,255,255,2,2,1,255,255,255,255,2,2,1,255,255,255,255,2,2,1,0
255,255,255,255,2,2,1,255,255,255,255,2,2,1,255,255,255,255,2,2,1,255,255,255,255,2,2,1,255,255,255,255,2,2,1,255,255,255,255,2,2,1,255,255,255,255,2,2,1,0
255,255,255,255,2,2,1,255,255,255,255,2,2,1,255,255,255,255,2,2,1,255,255,255,255,2,2,1,255,255,255,255,2,2,1,255,255,255,255,2,2,1,255,255,255,255,2,2,1,0
255,255,255,255,2,2,1,255,255,255,255,2,2,1,255,255,255,255,2,2,1,255,255,255,255,2,2,1,255,255,255,255,2,2,1,255,255,255,255,2,2,1,255,255,255,255,2,2,1,0
255,255,255,255,2,2,1,255,255,255,255,2,2,1,255,255,255,255,2,2,1,255,255,255,255,2,2,1,255,255,255,255,2,2,1,255,255,255,255,2,2,1,255,255,255,255,2,2,1,0
255,255,255,255,2,2,1,255,255,255,255,2,2,1,255,255,255,255,2,2,1,255,255,255,255,2,2,1,255,255,255,255,2,2,1,255,255,255,255,2,2,1,255,255,255,255,2,2,1,0
255,255,255,255,2,2,1,255,255,255,255,2,2,1,255,255,255,255,2,2,1,255,255,255,255,2,2,1,255,255,255,255,2,2,1,255,255,255,255,2,2,1,255,255,255,255,2,2,1,0
255,255,255,255,2,2,1,255,255,255,255,2,2,1,255,255,255,255,2,2,1,255,255,255,255,2,2,1,255,255,255,255,2,2,1,255,255,255,255,2,2,1,255,255,255,255,2,2,1,0
255,255,255,255,2,2,1,255,255,255,255,2,2,1,255,255,255,255,2,2,1,255,255,255,255,2,2,1,255,255,255,255,2,2,1,255,255,255,255,2,2,1,255,255,255,255,2,2,1,0
255,255,255,255,2,2,1,255,255,255,255,2,2,1,255,255,255,255,2,2,1,255,255,255,255,2,2,1,255,255,255,255,2,2,1,255,255,255,255,2,2,1,255,255,255,255,2,2,1,0
255,255,255,255,2,2,1,255,255,255,255,2,2,1,255,255,255,255,2,2,1,255,255,255,255,2,2,1,255,255,255,255,2,2,1,255,255,255,255,2,2,1,255,255,255,255,2,2,1,0
255,255,255,255,2,2,1,255,255,255,255,2,2,1,255,255,255,255,2,2,1,255,255,255,255,2,2,1,255,255,255,255,2,2,1,255,255,255,255,2,2,1,255,255,255,255,2,2,1,0
255,255,255,255,2,2,1,255,255,255,255,2,2,1,255,255,255,255,2,2,1,255,255,255,255,2,2,1,255,255,255,255,2,2,1,255,255,255,255,2,2,1,255,255,255,255,2,2,1,0
255,255,255,255,2,2,1,255,255,255,255,2,2,1,255,255,255,255,2,2,1,255,255,255,255,2,2,1,255,255,255,255,2,2,1,255,255,255,255,2,2,1,255,255,255,255,2,2,1,0
255,255,255,255,2,2,1,255,255,255,255,2,2,1,255,255,255,255,2,2,1,255,255,255,255,2,2,1,255,255,255,255,2,2,1,255,255,255,255,2,2,1,255,255,255,255,2,2,1,0
255,255,255,255,2,2,1,255,255,255,255,2,2,1,255,255,255,255,2,2,1,255,255,255,255,2,2,1,255,255,255,255,2,2,1,255,255,255,255,2,2,1,255,255,255,255,2,2,1,0
255,255,255,255,2,2,1,255,255,255,255,2,2,1,255,255,255,255,2,2,1,255,255,255,255,2,2,1,255,255,255,255,2,2,1,255,255,255,255,2,2,1,255,255,255,255,2,2,1,0
255,255,255,255,2,2,1,255,255,255,255,2,2,1,255,255,255,255,2,2,1,255,255,255,255,2,2,1,255,255,255,255,2,2,1,255,255,255,255,2,2,1,255,255,255,255,2,2,1,0
255,255,255,255,2,2,1,255,255,255,255,2,2,1,255,255,255,255,2,2,1,255,255,255,255,2,2,1,255,255,255,255,2,2,1,255,255,255,255,2,2,1,255,255,255,255,2,2,1,0
255,255,255,255,2,2,1,255,255,255,255,2,2,1,255,255,255,255,2,2,1,255,255,255,255,2,2,1,255,255,255,255,2,2,1,255,255,255,255,2,2,1,255,255,255,255,2,2,1,0
255,255,255,255,2,2,1,255,255,255,255,2,2,1,255,255,255,255,2,2,1,255,255,255,255,2,2,1,255,255,255,255,2,2,1,255,255,255,255,2,2,1,255,255,255,255,2,2,1,0
255,255,255,255,2,2,1,255,255,255,255,2,2,1,255,255,255,255,2,2,1,255,255,255,255,2,2,1,255,255,255,255,2,2,1,255,255,255,255,2,2,1,255,255,255,255,2,2,1,0
255,255,255,255,2,2,1,255,255,255,255,2,2,1,255,255,255,255,2,2,1,255,255,255,255,2,2,1,255,255,255,255,2,2,1,255,255,255,255,2,2,1,255,255,255,255,2,2,1,0
255,255,255,255,2,2,1,255,255,255,255,2,2,1,255,255,255,255,2,2,1,255,255,255,255,2,2,1,255,255,255,255,2,2,1,255,255,255,255,2,2,1,255,255,255,255,2,2,1,0
255,255,255,255,2,2,1,255,255,255,255,2,2,1,255,255,255,255,2,2,1,255,255,255,255,2,2,1,255,255,255,255,2,2,1,255,255,255,255,2,2,1,255,255,255,255,2,2,1,0
255,255,255,255,2,2,1,255,255,255,255,2,2,1,255,255,255,255,2,2,1,255,255,255,255,2,2,1,255,255,255,255,2,2,1,255,255,255,255,2,2,1,255,255,255,255,2,2,1,0
255,255,255,255,2,2,1,255,255,255,255,2,2,1,255,255,255,255,2,2,1,255,255,255,255,2,2,1,255,255,255,255,2,2,1,255,255,255,255,2,2,1,255,255,255,255,2,2,1,0
255,255,255,255,2,2,1,255,255,255,255,2,2,1,255,255,255,255,2,2,1,255,255,255,255,2,2,1,255,255,255,255,2,2,1,255,255,255,255,2,2,1,255,255,255,255,2,2,1,0
255,255,255,255,2,2,1,255,255,255,255,2,2,1,255,255,255,255,2,2,1,255,255,255,255,2,2,1,255,255,255,255,2,2,1,255,255,255,255,2,2,1,255,255,255,255,2,2,1,0
255,255,255,255,2,2,1,255,255,255,255,2,2,1,255,255,255,255,2,2,1,255,255,255,255,2,2,1,255,255,255,255,2,2,1,255,255,255,255,2,2,1,255,255,255,255,2,2,1,0
255,255,255,255,2,2,1,255,255,255,255,2,2,1,255,255,255,255,2,2,1,255,255,255,255,2,2,1,255,255,255,255,2,2,1,255,255,255,255,2,2,1,255,255,255,255,2,2,1,0
255,255,255,255,2,2,1,255,255,255,255,2,2,1,255,255,255,255,2,2,1,255,255,255,255,2,2,1,255,255,255,255,2,2,1,255,255,255,255,2,2,1,255,255,255,255,2,2,1,0
255,255,255,255,2,2,1,255,255,255,255,2,2,1,255,255,255,255,2,2,1,255,255,255,255,2,2,1,255,255,255,255,2,2,1,255,255,255,255,2,2,1,255,255,255,255,2,2,1,0
255,255,255,255,2,2,1,255,255,255,255,2,2,1,255,255,255,255,2,2,1,255,255,255,255,2,2,1,255,255,255,255,2,2,1,255,255,255,255,2,2,1,255,255,255,255,2,2,1,0
255,255,255,255,2,2,1,255,255,255,255,2,2,1,255,255,255,255,2,2,1,255,255,255,255,2,2,1,255,255,255,255,2,2,1,255,255,255,255,2,2,1,255,255,255,255,2,2,1,0
255,255,255,255,2,2,1,255,255,255,255,2,2,1,255,255,255,255,2,2,1,255,255,255,255,2,2,1,255,255,255,255,2,2,1,255,255,255,255,2,2,1,255,255,255,255,2,2,1,0
255,255,255,255,2,2,1,255,255,255,255,2,2,1,255,255,255,255,2,2,1,255,255,255,255,2,2,1,255,255,255,255,2,2,1,255,255,255,255,2,2,1,255,255,255,255,2,2,1,0
255,255,255,255,2,2,1,255,255,255,255,2,2,1,255,255,255,255,2,2,1,255,255,255,255,2,2,1,255,255,255,255,2,2,1,255,255,255,255,2,2,1,255,255,255,255,2,2,1,0
255,255,255,255,2,2,1,255,255,255,255,2,2,1,255,255,255,255,2,2,1,255,255,255,255,2,2,1,255,255,255,255,2,2,1,255,255,255,255,2,2,1,255,255,255,255,2,2,1,0
255,255,255,255,2,2,1,255,255,255,255,2,2,1,255,255,255,255,2,2,1,255,255,255,255,2,2,1,255,255,255,255,2,2,1,255,255,255,255,2,2,1,255,255,255,255,2,2,1,0
255,255,255,255,2,2,1,255,255,255,255,2,2,1,255,255,255,255,2,2,1,255,255,255,255,2,2,1,255,255,255,255,2,2,1,255,255,255,255,2,2,1,255,255,255,255,2,2,1,0
255,255,255,255,2,2,1,255,255,255,255,2,2,1,255,255,255,255,2,2,1,255,255,255,255,2,2,1,255,255,255,255,2,2,1,255,255,255,255,2,2,1,255,255,255,255,2,2,1,0
255,255,255,255,2,2,1,255,255,255,255,2,2,1,255,255,255,255,2,2,1,255,255,255,255,2,2,1,255,255,255,255,2,2,1,255,255,255,255,2,2,1,255,255,255,255,2,2,1,0
255,255,255,255,2,2,1,255,255,255,255,2,2,1,255,255,255,255,2,2,1,255,255,255,255,2,2,1,255,255,255,255,2,2,1,255,255,255,255,2,2,1,255,255,255,255,2,2,1,0
255,255,255,255,2,2,1,255,255,255,255,2,2,1,255,255,255,255,2,2,1,255,255,255,255,2,2,1,255,255,255,255,2,2,1,255,255,255,255,2,2,1,255,255,255,255,2,2,1,0
255,255,255,255,2,2,1,255,255,255,255,2,2,1,255,255,255,255,2,2,1,255,255,255,255,2,2,1,255,255,255,255,2,2,1,255,255,255,255,2,2,1,255,255,255,255,2,2,1,0
255,255,255,255,2,2,1,255,255,255,255,2,2,1,255,255,255,255,2,2,1,255,255,255,255,2,2,1,255,255,255,255,2,2,1,255,255,255,255,2,2,1,255,255,255,255,2,2,1,0
255,255,255,255,2,2,1,255,255,255,255,2,2,1,255,255,255,255,2,2,1,255,255,255,255,2,2,1,255,255,255,255,2,2,1,255,255,255,255,2,2,1,255,255,255,255,2,2,1,0
255,255,255,255,2,2,1,255,255,255,255,2,2,1,255,255,255,255,2,2,1,255,255,255,255,2,2,1,255,255,255,255,2,2,1,255,255,255,255,2,2,1,255,255,255,255,2,2,1,0
255,255,255,255,2,2,1,255,255,255,255,2,2,1,255,255,255,255,2,2,1,255,255,255,255,2,2,1,255,255,255,255,2,2,1,255,255,255,255,2,2,1,255,255,255,255,2,2,1,0
255,255,255,255,2,2,1,255,255,255,255,2,2,1,255,255,255,255,2,2,1,255,255,255,255,2,2,1,255,255,255,255,2,2,1,255,255,255,255,2,2,1,255,255,255,255,2,2,1,0
255,255,255,255,2,2,1,255,255,255,255,2,2,1,255,255,255,255,2,2,1,255,255,255,255,2,2,1,255,255,255,255,2,2,1,255,255,255,255,2,2,1,255,255,255,255,2,2,1,0
255,255,255,255,2,2,1,255,255,255,255,2,2,1,255,255,255,255,2,2,1,255,255,255,255,2,2,1,255,255,255,255,2,2,1,255,255,255,255,2,2,1,255,255,255,255,2,2,1,0
255,255,255,255,2,2,1,255,255,255,255,2,2,1,255,255,255,255,2,2,1,255,255,255,255,2,2,1,255,255,255,255,2,2,1,255,255,255,255,2,2,1,255,255,255,255,2,2,1,0
255,255,255,255,2,2,1,255,255,255,255,2,2,1,255,255,255,255,2,2,1,255,255,255,255,2,2,1,255,255,255,255,2,2,1,255,255,255,255,2,2,1,255,255,255,255,2,2,1,0
255,255,255,255,2,2,1,255,255,255,255,2,2,1,255,255,255,255,2,2,1,255,255,255,255,2,2,1,255,255,255,255,2,2,1,255,255,255,255,2,2,1,255,255,255,255,2,2,1,0
255,255,255,255,2,2,1,255,255,255,255,2,2,1,255,255,255,255,2,2,1,255,255,255,255,2,2,1,255,255,255,255,2,2,1,255,255,255,255,2,2,1,255,255,255,255,2,2,1,0
255,255,255,255,2,2,1,255,255,255,255,2,2,1,255,255,255,255,2,2,1,255,255,255,255,2,2,1,255,255,255,255,2,2,1,255,255,255,255,2,2,1,255,255,255,255,2,2,1,0
255,255,255,255,2,2,1,255,255,255,255,2,2,1,255,255,255,255,2,2,1,255,255,255,255,2,2,1,255,255,255,255,2,2,1,255,255,255,255,2,2,1,255,255,255,255,2,2,1,0
255,255,255,255,2,2,1,255,255,255,255,2,2,1,255,255,255,255,2,2,1,255,255,255,255,2,2,1,255,255,255,255,2,2,1,255,255,255,255,2,2,1,255,255,255,255,2,2,1,0
255,255,255,255,2,2,1,255,255,255,255,2,2,1,255,255,255,255,2,2,1,255,255,255,255,2,2,1,255,255,255,255,2,2,1,255,255,255,255,2,2,1,255,255,255,255,2,2,1,0
255,255,255,255,2,2,1,255,255,255,255,2,2,1,255,255,255,255,2,2,1,255,255,255,255,2,2,1,255,255,255,255,2,2,1,255,255,255,255,2,2,1,255,255,255,255,2,2,1,0
255,255,255,255,2,2,1,255,255,255,255,2,2,1,255,255,255,255,2,2,1,255,255,255,255,2,2,1,255,255,255,255,2,2,1,255,255,255,255,2,2,1,255,255,255,255,2,2,1,0
255,255,255,255,2,2,1,255,255,255,255,2,2,1,255,255,255,255,2,2,1,255,255,255,255,2,2,1,255,255,255,255,2,2,1,255,255,255,255,2,2,1,255,255,255,255,2,2,1,0
255,255,255,255,2,2,1,255,255,255,255,2,2,1,255,255,255,255,2,2,1,255,255,255,255,2,2,1,255,255,255,255,2,2,1,255,255,255,255,2,2,1,255,255,255,255,2,2,1,0
255,255,255,255,2,2,1,255,255,255,255,2,2,1,255,255,255,255,2,2,1,255,255,255,255,2,2,1,255,255,255,255,2,2,1,255,255,255,255,2,2,1,255,255,255,255,2,2,1,0
255,255,255,255,2,2,1,255,255,255,255,2,2,1,255,255,255,255,2,2,1,255,255,255,255,2,2,1,255,255,255,255,2,2,1,255,255,255,255,2,2,1,255,255,255,255,2,2,1,0
255,255,255,255,2,2,1,255,255,255,255,2,2,1,255,255,255,255,2,2,1,255,255,255,255,2,2,1,255,255,255,255,2,2,1,255,255,255,255,2,2,1,255,255,255,255,2,2,1,0
255,255,255,255,2,2,1,255,255,255,255,2,2,1,255,255,255,255,2,2,1,255,255,255,255,2,2,1,255,255,255,255,2,2,1,255,255,255,255,2,2,1,255,255,255,255,2,2,1,0
255,255,255,255,2,2,1,255,255,255,255,2,2,1,255,255,255,255,2,2,1,255,255,255,255,2,2,1,255,255,255,255,2,2,1,255,255,255,255,2,2,1,255,255,255,255,2,2,1,0
255,255,255,255,2,2,1,255,255,255,255,2,2,1,255,255,255,255,2,2,1,255,255,255,255,2,2,1,255,255,255,255,2,2,1,255,255,255,255,2,2,1,255,255,255,255,2,2,1,0
255,255,255,255,2,2,1,255,255,255,255,2,2,1,255,255,255,255,2,2,1,255,255,255,255,2,2,1,255,255,255,255,2,2,1,255,255,255,255,2,2,1,255,255,255,255,2,2,1,0
255,255,255,255,2,2,1,255,255,255,255,2,2,1,255,255,255,255,2,2,1,255,255,255,255,2,2,1,255,255,255,255,2,2,1,255,255,255,255,2,2,1,255,255,255,255,2,2,1,0
255,255,255,255,2,2,1,255,255,255,255,2,2,1,255,255,255,255,2,2,1,255,255,255,255,2,2,1,255,255,255,255,2,2,1,255,255,255,255,2,2,1,255,255,255,255,2,2,1,0
255,255,255,255,2,2,1,255,255,255,255,2,2,1,255,255,255,255,2,2,1,255,255,255,255,2,2,1,255,255,255,255,2,2,1,255,255,255,255,2,2,1,255,255,255,255,2,2,1,0
255,255,255,255,2,2,1,255,255,255,255,2,2,1,255,255,255,255,2,2,1,255,255,255,255,2,2,1,255,255,255,255,2,2,1,255,255,255,255,2,2,1,255,255,255,255,2,2,1,0
255,255,255,255,2,2,1,255,255,255,255,2,2,1,255,255,255,255,2,2,1,255,255,255,255,2,2,1,255,255,255,255,2,2,1,255,255,255,255,2,2,1,255,255,255,255,2,2,1,0
255,255,255,255,2,2,1,255,255,255,255,2,2,1,255,255,255,255,2,2,1,255,255,255,255,2,2,1,255,255,255,255,2,2,1,255,255,255,255,2,2,1,255,255,255,255,2,2,1,0
255,255,255,255,2,2,1,255,255,255,255,2,2,1,255,255,255,255,2,2,1,255,255,255,255,2,2,1,255,255,255,255,2,2,1,255,255,255,255,2,2,1,255,255,255,255,2,2,1,0
255,255,255,255,2,2,1,255,255,255,255,2,2,1,255,255,255,255,2,2,1,255,255,255,255,2,2,1,255,255,255,255,2,2,1,255,255,255,255,2,2,1,255,255,255,255,2,2,1,0
255,255,255,255,2,2,1,255,255,255,255,2,2,1,255,255,255,255,2,2,1,255,255,255,255,2,2,1,255,255,255,255,2,2,1,255,255,255,255,2,2,1,255,255,255,255,2,2,1,0
255,255,255,255,2,2,1,255,255,255,255,2,2,1,255,255,255,255,2,2,1,255,255,255,255,2,2,1,255,255,255,255,2,2,1,255,255,255,255,2,2,1,255,255,255,255,2,2,1,0
255,255,255,255,2,2,1,255,255,255,255,2,2,1,255,255,255,255,2,2,1,255,255,255,255,2,2,1,255,255,255,255,2,2,1,255,255,255,255,2,2,1,255,255,255,255,2,2,1,0
255,255,255,255,2,2,1,255,255,255,255,2,2,1,255,255,255,255,2,2,1,255,255,255,255,2,2,1,255,255,255,255,2,2,1,255,255,255,255,2,2,1,255,255,255,255,2,2,1,0
255,255,255,255,2,2,1,255,255,255,255,2,2,1,255,255,255,255,2,2,1,255,255,255,255,2,2,1,255,255,255,255,2,2,1,255,255,255,255,2,2,1,255,255,255,255,2,2,1,0
255,255,255,255,2,2,1,255,255,255,255,2,2,1,255,255,255,255,2,2,1,255,255,255,255,2,2,1,255,255,255,255,2,2,1,255,255,255,255,2,2,1,255,255,255,255,2,2,1,0
255,255,255,255,2,2,1,255,255,255,255,2,2,1,255,255,255,255,2,2,1,255,255,255,255,2,2,1,255,255,255,255,2,2,1,255,255,255,255,2,2,1,255,255,255,255,2,2,1,0
255,255,255,255,2,2,1,255,255,255,255,2,2,1,255,255,255,255,2,2,1,255,255,255,255,2,2,1,255,255,255,255,2,2,1,255,255,255,255,2,2,1,255,255,255,255,2,2,1,0
255,255,255,255,2,2,1,255,255,255,255,2,2,1,255,255,255,255,2,2,1,255,255,255,255,2,2,1,255,255,255,255,2,2,1,255,255,255,255,2,2,1,255,255,255,255,2,2,1,0
255,255,255,255,2,2,1,255,255,255,255,2,2,1,255,255,255,255,2,2,1,255,255,255,255,2,2,1,255,255,255,255,2,2,1,255,255,255,255,2,2,1,255,255,255,255,2,2,1,0
255,255,255,255,2,2,1,255,255,255,255,2,2,1,255,255,255,255,2,2,1,255,255,255,255,2,2,1,255,255,255,255,2,2,1,255,255,255,255,2,2,1,255,255,255,255,2,2,1,0
255,255,255,255,2,2,1,255,255,255,255,2,2,1,255,255,255,255,2,2,1,255,255,255,255,2,2,1,255,255,255,255,2,2,1,255,255,255,255,2,2,1,255,255,255,255,2,2,1,0
255,255,255,255,2,2,1,255,255,255,255,2,2,1,255,255,255,255,2,2,1,255,255,255,255,2,2,1,255,255,255,255,2,2,1,255,255,255,255,2,2,1,255,255,255,255,2,2,1,0
255,255,255,255,2,2,1,255,255,255,255,2,2,1,255,255,255,255,2,2,1,255,255,255,255,2,2,1,255,255,255,255,2,2,1,255,255,255,255,2,2,1,255,255,255,255,2,2,1,0
255,255,255,255,2,2,1,255,255,255,255,2,2,1,255,255,255,255,2,2,1,255,255,255,255,2,2,1,255,255,255,255,2,2,1,255,255,255,255,2,2,1,255,255,255,255,2,2,1,0
255,255,255,255,2,2,1,255,255,255,255,2,2,1,255,255,255,255,2,2,1,255,255,255,255,2,2,1,255,255,255,255,2,2,1,255,255,255,255,2,2,1,255,255,255,255,2,2,1,0
255,255,255,255,2,2,1,255,255,255,255,2,2,1,255,255,255,255,2,2,1,255,255,255,255,2,2,1,255,255,255,255,2,2,1,255,255,255,255,2,2,1,255,255,255,255,2,2,1,0
255,255,255,255,2,2,1,255,255,255,255,2,2,1,255,255,255,255,2,2,1,255,255,255,255,2,2,1,255,255,255,255,2,2,1,255,255,255,255,2,2,1,255,255,255,255,2,2,1,0
255,255,255,255,2,2,1,255,255,255,255,2,2,1,255,255,255,255,2,2,1,255,255,255,255,2,2,1,255,255,255,255,2,2,1,255,255,255,255,2,2,1,255,255,255,255,2,2,1,0
255,255,255,255,2,2,1,255,255,255,255,2,2,1,255,255,255,255,2,2,1,255,255,255,255,2,2,1,255,255,255,255,2,2,1,255,255,255,255,2,2,1,255,255,255,255,2,2,1,0
255,255,255,255,2,2,1,255,255,255,255,2,2,1,255,255,255,255,2,2,1,255,255,255,255,2,2,1,255,255,255,255,2,2,1,255,255,255,255,2,2,1,255,255,255,255,2,2,1,0
255,255,255,255,2,2,1,255,255,255,255,2,2,1,255,255,255,255,2,2,1,255,255,255,255,2,2,1,255,255,255,255,2,2,1,255,255,255,255,2,2,1,255,255,255,255,2,2,1,0
255,255,255,255,2,2,1,255,255,255,255,2,2,1,255,255,255,255,2,2,1,255,255,255,255,2,2,1,255,255,255,255,2,2,1,255,255,255,255,2,2,1,255,255,255,255,2,2,1,0
255,255,255,255,2,2,1,255,255,255,255,2,2,1,255,255,255,255,2,2,1,255,255,255,255,2,2,1,255,255,255,255,2,2,1,255,255,255,255,2,2,1,255,255,255,255,2,2,1,0
255,255,255,255,2,2,1,255,255,255,255,2,2,1,255,255,255,255,2,2,1,255,255,255,255,2,2,1,255,255,255,255,2,2,1,255,255,255,255,2,2,1,255,255,255,255,2,2,1,0
255,255,255,255,2,2,1,255,255,255,255,2,2,1,255,255,255,255,2,2,1,255,255,255,255,2,2,1,255,255,255,255,2,2,1,255,255,255,255,2,2,1,255,255,255,255,2,2,1,0
255,255,255,255,2,2,1,255,255,255,255,2,2,1,255,255,255,255,2,2,1,255,255,255,255,2,2,1,255,255,255,255,2,2,1,255,255,255,255,2,2,1,255,255,255,255,2,2,1,0
255,255,255,255,2,2,1,255,255,255,255,2,2,1,255,255,255,255,2,2,1,255,255,255,255,2,2,1,255,255,255,255,2,2,1,255,255,255,255,2,2,1,255,255,255,255,2,2,1,0
255,255,255,255,2,2,1,255,255,255,255,2,2,1,255,255,255,255,2,2,1,255,255,255,255,2,2,1,255,255,255,255,2,2,1,255,255,255,255,2,2,1,255,255,255,255,2,2,1,0
255,255,255,255,2,2,1,255,255,255,255,2,2,1,255,255,255,255,2,2,1,255,255,255,255,2,2,1,255,255,255,255,2,2,1,255,255,255,255,2,2,1,255,255,255,255,2,2,1,0
255,255,255,255,2,2,1,255,255,255,255,2,2,1,255,255,255,255,2,2,1,255,255,255,255,2,2,1,255,255,255,255,2,2,1,255,255,255,255,2,2,1,255,255,255,255,2,2,1,0
255,255,255,255,2,2,1,255,255,255,255,2,2,1,255,255,255,255,2,2,1,255,255,255,255,2,2,1,255,255,255,255,2,2,1,255,255,255,255,2,2,1,255,255,255,255,2,2,1,0
255,255,255,255,2,2,1,255,255,255,255,2,2,1,255,255,255,255,2,2,1,255,255,255,255,2,2,1,255,255,255,255,2,2,1,255,255,255,255,2,2,1,255,255,255,255,2,2,1,0
255,255,255,255,2,2,1,255,255,255,255,2,2,1,255,255,255,255,2,2,1,255,255,255,255,2,2,1,255,255,255,255,2,2,1,255,255,255,255,2,2,1,255,255,255,255,2,2,1,0
255,255,255,255,2,2,1,255,255,255,255,2,2,1,255,255,255,255,2,2,1,255,255,255,255,2,2,1,255,255,255,255,2,2,1,255,255,255,255,2,2,1,255,255,255,255,2,2,1,0
255,255,255,255,2,2,1,255,255,255,255,2,2,1,255,255,255,255,2,2,1,255,255,255,255,2,2,1,255,255,255,255,2,2,1,255,255,255,255,2,2,1,255,255,255,255,2,2,1,0
255,255,255,255,2,2,1,255,255,255,255,2,2,1,255,255,255,255,2,2,1,255,255,255,255,2,2,1,255,255,255,255,2,2,1,255,255,255,255,2,2,1,255,255,255,255,2,2,1,0
255,255,255,255,2,2,1,255,255,255,255,2,2,1,255,255,255,255,2,2,1,255,255,255,255,2,2,1,255,255,255,255,2,2,1,255,255,255,255,2,2,1,255,255,255,255,2,2,1,0
255,255,255,255,2,2,1,255,255,255,255,2,2,1,255,255,255,255,2,2,1,255,255,255,255,2,2,1,255,255,255,255,2,2,1,255,255,255,255,2,2,1,255,255,255,255,2,2,1,0
255,255,255,255,2,2,1,255,255,255,255,2,2,1,255,255,255,255,2,2,1,255,255,255,255,2,2,1,255,255,255,255,2,2,1,255,255,255,255,2,2,1,255,255,255,255,2,2,1,0
255,255,255,255,2,2,1,255,255,255,255,2,2,1,255,255,255,255,2,2,1,255,255,255,255,2,2,1,255,255,255,255,2,2,1,255,255,255,255,2,2,1,255,255,255,255,2,2,1,0
255,255,255,255,2,2,1,255,255,255,255,2,2,1,255,255,255,255,2,2,1,255,255,255,255,2,2,1,255,255,255,255,2,2,1,255,255,255,255,2,2,1,255,255,255,255,2,2,1,0
255,255,255,255,2,2,1,255,255,255,255,2,2,1,255,255,255,255,2,2,1,255,255,255,255,2,2,1,255,255,255,255,2,2,1,255,255,255,255,2,2,1,255,255,255,255,2,2,1,0
255,255,255,255,2,2,1,255,255,255,255,2,2,1,255,255,255,255,2,2,1,255,255,255,255,2,2,1,255,255,255,255,2,2,1,255,255,255,255,2,2,1,255,255,255,255,2,2,1,0
255,255,255,255,2,2,1,255,255,255,255,2,2,1,255,255,255,255,2,2,1,255,255,255,255,2,2,1,255,255,255,255,2,2,1,255,255,255,255,2,2,1,255,255,255,255,2,2,1,0
255,255,255,255,2,2,1,255,255,255,255,2,2,1,255,255,255,255,2,2,1,255,255,255,255,2,2,1,255,255,255,255,2,2,1,255,255,255,255,2,2,1,255,255,255,255,2,2,2,0
255,255,255,255,2,2,1,255,255,255,255,2,2,1,255,255,255,255,2,2,1,255,255,255,255,2,2,1,255,255,255,255,2,2,1,255,255,255,255,2,2,2,255,255,255,255,2,2,2,0
255,255,255,255,2,2,1,255,255,255,255,2,2,1,255,255,255,255,2,2,1,255,255,255,255,2,2,1,255,255,255,255,2,2,2,255,255,255,255,2,2,2,255,255,255,255,2,2,2,0
255,255,255,255,2,2,1,255,255,255,255,2,2,1,255,255,255,255,2,2,1,255,255,255,255,2,2,2,255,255,255,255,2,2,2,255,255,255,255,2,2,2,255,255,255,255,2,2,2,0
255,255,255,255,2,2,1,255,255,255,255,2,2,1,255,255,255,255,2,2,2,255,255,255,255,2,2,2,255,255,255,255,2,2,2,255,255,255,255,2,2,2,255,255,255,255,4,4,4,0
255,255,255,255,2,2,1,255,255,255,255,2,2,2,255,255,255,255,2,2,2,255,255,255,255,2,2,2,255,255,255,255,2,2,2,255,255,255,255,4,4,4,255,255,255,255,4,4,4,0
255,255,255,255,2,2,2,255,255,255,255,2,2,2,255,255,255,255,2,2,2,255,255,255,255,2,2,2,255,255,255,255,4,4,4,255,255,255,255,4,4,4,255,255,255,255,6,6,6,0
255,255,255,255,2,2,2,255,255,255,255,2,2,2,255,255,255,255,2,2,2,255,255,255,255,4,4,4,255,255,255,255,4,4,4,255,255,255,255,6,6,6,255,255,255,255,104,104,104,0
255,255,255,255,4,4,4,255,255,255,255,6,6,6,255,255,255,255,104,104,104,255,255,255,255,104,104,104,255,255,255,255,104,104,104,255,255,255,255,104,104,104,255,255,255,255,104,104,104,0
255,255,255,255,6,6,6,255,255,255,255,104,104,104,255,255,255,255,104,104,104,255,255,255,255,104,104,104,255,255,255,255,104,104,104,255,255,255,255,104,104,104,255,255,255,255,104,104,104,0
255,255,255,255,104,104,104,255,255,255,255,104,104,104,255,255,255,255,104,104,104,255,255,255,255,104,104,104,255,255,255,255,104,104,104,255,255,255,255,104,104,104,255,255,255,255,104,104,104,0
255,255,255,255,104,104,104,255,255,255,255,104,104,104,255,255,255,255,104,104,104,255,255,255,255,104,104,104,255,255,255,255,104,104,104,255,255,255,255,104,104,104,255,255,255,255,104,104,104,0
255,255,255,255,104,104,104,255,255,255,255,104,104,104,255,255,255,255,104,104,104,255,255,255,255,104,104,104,255,255,255,255,104,104,104,255,255,255,255,104,104,104,255,255,255,255,104,104,104,0
255,255,255,255,104,104,104,255,255,255,255,104,104,104,255,255,255,255,104,104,104,255,255,255,255,104,104,104,255,255,255,255,104,104,104,255,255,255,255,104,104,104,255,255,255,255,104,104,104,0
255,255,255,255,104,104,104,255,255,255,255,104,104,104,255,255,255,255,104,104,104,255,255,255,255,104,104,104,255,255,255,255,104,104,104,255,255,255,255,104,104,104,255,255,255,255,104,104,104,0
255,255,255,255,104,104,104,255,255,255,255,104,104,104,255,255,255,255,104,104,104,255,255,255,255,104,104,104,255,255,255,255,104,104,104,255,255,255,255,104,104,104,255,255,255,255,104,104,104,0
255,255,255,255,104,104,104,255,255,255,255,104,104,104,255,255,255,255,104,104,104,255,255,255,255,104,104,104,255,255,255,255,104,104,104,255,255,255,255,104,104,104,255,255,255,255,104,104,104,0
255,255,255,255,104,104,104,255,255,255,255,104,104,104,255,255,255,255,104,104,104,255,255,255,255,104,104,104,255,255,255,255,104,104,104,255,255,255,255,104,104,104,255,255,255,255,104,104,104,0
255,255,255,255,104,104,104,255,255,255,255,104,104,104,255,255,255,255,104,104,104,255,255,255,255,104,104,104,255,255,255,255,104,104,104,255,255,255,255,104,104,104,255,255,255,255,104,104,104,0
255,255,255,255,104,104,104,255,255,255,255,104,104,104,255,255,255,255,104,104,104,255,255,255,255,104,104,104,255,255,255,255,104,104,104,255,255,255,255,104,104,104,255,255,255,255,104,104,104,0
255,255,255,255,104,104,104,255,255,255,255,104,104,104,255,255,255,255,104,104,104,255,255,255,255,104,104,104,255,255,255,255,104,104,104,255,255,255,255,104,104,104,255,255,255,255,104,104,104,0
255,255,255,255,104,104,104,255,255,255,255,104,104,104,255,255,255,255,104,104,104,255,255,255,255,104,104,104,255,255,255,255,104,104,104,255,255,255,255,104,104,104,255,255,255,255,104,104,104,0
255,255,255,255,104,104,104,255,255,255,255,104,104,104,255,255,255,255,104,104,104,255,255,255,255,104,104,104,255,255,255,255,104,104,104,255,255,255,255,104,104,104,255,255,255,255,104,104,104,0
255,255,255,255,104,104,104,255,255,255,255,104,104,104,255,255,255,255,104,104,104,255,255,255,255,104,104,104,255,255,255,255,104,104,104,255,255,255,255,104,104,104,255,255,255,255,104,104,104,0
255,255,255,255,104,104,104,255,255,255,255,104,104,104,255,255,255,255,104,104,104,255,255,255,255,104,104,104,255,255,255,255,104,104,104,255,255,255,255,104,104,104,255,255,255,255,104,104,104,0
255,255,255,255,104,104,104,255,255,255,255,104,104,104,255,255,255,255,104,104,104,255,255,255,255,104,104,104,255,255,255,255,104,104,104,255,255,255,255,104,104,104,255,255,255,255,104,104,104,0
255,255,255,255,104,104,104,255,255,255,255,104,104,104,255,255,255,255,104,104,104,255,255,255,255,104,104,104,255,255,255,255,104,104,104,255,255,255,255,104,104,104,255,255,255,255,104,104,104,0
255,255,255,255,104,104,104,255,255,255,255,104,104,104,255,255,255,255,104,104,104,255,255,255,255,104,104,104,255,255,255,255,104,104,104,255,255,255,255,104,104,104,255,255,255,255,104,104,104,0
255,255,255,255,104,104,104,255,255,255,255,104,104,104,255,255,255,255,104,104,104,255,255,255,255,104,104,104,255,255,255,255,104,104,104,255,255,255,255,104,104,104,255,255,255,255,104,104,104,0
255,255,255,255,104,104,104,255,255,255,255,104,104,104,255,255,255,255,104,104,104,255,255,255,255,104,104,104,255,255,255,255,104,104,104,255,255,255,255,104,104,104,255,255,255,255,104,104,104,0
255,255,255,255,104,104,104,255,255,255,255,104,104,104,255,255,255,255,104,104,104,255,255,255,255,104,104,104,255,255,255,255,104,104,104,255,255,255,255,104,104,104,255,255,255,255,104,104,104,0
255,255,255,255,104,104,104,255,255,255,255,104,104,104,255,255,255,255,104,104,104,255,255,255,255,104,104,104,255,255,255,255,104,104,104,255,255,255,255,104,104,104,255,255,255,255,104,104,104,0
255,255,255,255,104,104,104,255,255,255,255,104,104,104,255,255,255,255,104,104,104,255,255,255,255,104,104,104,255,255,255,255,104,104,104,255,255,255,255,104,104,104,255,255,255,255,104,104,104,0
255,255,255,255,104,104,104,255,255,255,255,104,104,104,255,255,255,255,104,104,104,255,255,255,255,104,104,104,255,255,255,255,104,104,104,255,255,255,255,104,104,104,255,255,255,255,104,104,104,0
255,255,255,255,104,104,104,255,255,255,255,104,104,104,255,255,255,255,104,104,104,255,255,255,255,104,104,104,255,255,255,255,104,104,104,255,255,255,255,104,104,104,255,255,255,255,104,104,104,0
255,255,255,255,104,104,104,255,255,255,255,104,104,104,255,255,255,255,104,104,104,255,255,255,255,104,104,104,255,255,255,255,104,104,104,255,255,255,255,104,104,104,255,255,255,255,104,104,104,0
255,255,255,255,104,104,104,255,255,255,255,104,104,104,255,255,255,255,104,104,104,255,255,255,255,104,104,104,255,255,255,255,104,104,104,255,255,255,255,104,104,104,255,255,255,255,104,104,104,0
255,255,255,255,104,104,104,255,255,255,255,104,104,104,255,255,255,255,104,104,104,255,255,255,255,104,104,104,255,255,255,255,104,104,104,255,255,255,255,104,104,104,255,255,255,255,104,104,104,0
255,255,255,255,104,104,104,255,255,255,255,104,104,104,255,255,255,255,104,104,104,255,255,255,255,104,104,104,255,255,255,255,104,104,104,255,255,255,255,104,104,104,255,255,255,255,104,104,104,0
255,255,255,255,104,104,104,255,255,255,255,104,104,104,255,255,255,255,104,104,104,255,255,255,255,104,104,104,255,255,255,255,104,104,104,255,255,255,255,104,104,104,255,255,255,255,104,104,104,0
255,255,255,255,104,104,104,255,255,255,255,104,104,104,255,255,255,255,104,104,104,255,255,255,255,104,104,104,255,255,255,255,104,104,104,255,255,255,255,104,104,104,255,255,255,255,104,104,104,0
255,255,255,255,104,104,104,255,255,255,255,104,104,104,255,255,255,255,104,104,104,255,255,255,255,104,104,104,255,255,255,255,104,104,104,255,255,255,255,104,104,104,255,255,255,255,104,104,104,0
255,255,255,255,104,104,104,255,255,255,255,104,104,104,255,255,255,255,104,104,104,255,255,255,255,104,104,104,255,255,255,255,104,104,104,255,255,255,255,104,104,104,255,255,255,255,104,104,104,0
255,255,255,255,104,104,104,255,255,255,255,104,104,104,255,255,255,255,104,104,104,255,255,255,255,104,104,104,255,255,255,255,104,104,104,255,255,255,255,104,104,104,255,255,255,255,104,104,104,0
255,255,255,255,104,104,104,255,255,255,255,104,104,104,255,255,255,255,104,104,104,255,255,255,255,104,104,104,255,255,255,255,104,104,104,255,255,255,255,104,104,104,255,255,255,255,104,104,104,0
255,255,255,255,104,104,104,255,255,255,255,104,104,104,255,255,255,255,104,104,104,255,255,255,255,104,104,104,255,255,255,255,104,104,104,255,255,255,255,104,104,104,255,255,255,255,104,104,104,0
255,255,255,255,104,104,104,255,255,255,255,104,104,104,255,255,255,255,104,104,104,255,255,255,255,104,104,104,255,255,255,255,104,104,104,255,255,255,255,104,104,104,255,255,255,255,104,104,104,0
255,255,255,255,104,104,104,255,255,255,255,104,104,104,255,255,255,255,104,104,104,255,255,255,255,104,104,104,255,255,255,255,104,104,104,255,255,255,255,104,104,104,255,255,255,255,104,104,104,0
255,255,255,255,104,104,104,255,255,255,255,104,104,104,255,255,255,255,104,104,104,255,255,255,255,104,104,104,255,255,255,255,104,104,104,255,255,255,255,104,104,104,255,255,255,255,104,104,104,0
255,255,255,255,104,104,104,255,255,255,255,104,104,104,255,255,255,255,104,104,104,255,255,255,255,104,104,104,255,255,255,255,104,104,104,255,255,255,255,104,104,104,255,255,255,255,104,104,104,0
255,255,255,255,104,104,104,255,255,255,255,104,104,104,255,255,255,255,104,104,104,255,255,255,255,104,104,104,255,255,255,255,104,104,104,255,255,255,255,104,104,104,255,255,255,255,104,104,104,0
255,255,255,255,104,104,104,255,255,255,255,104,104,104,255,255,255,255,104,104,104,255,255,255,255,104,104,104,255,255,255,255,104,104,104,255,255,255,255,104,104,104,255,255,255,255,104,104,104,0
255,255,255,255,104,104,104,255,255,255,255,104,104,104,255,255,255,255,104,104,104,255,255,255,255,104,104,104,255,255,255,255,104,104,104,255,255,255,255,104,104,104,255,255,255,255,104,104,104,0
255,255,255,255,104,104,104,255,255,255,255,104,104,104,255,255,255,255,104,104,104,255,255,255,255,104,104,104,255,255,255,255,104,104,104,255,255,255,255,104,104,104,255,255,255,255,104,104,104,0
255,255,255,255,104,104,104,255,255,255,255,104,104,104,255,255,255,255,104,104,104,255,255,255,255,104,104,104,255,255,255,255,104,104,104,255,255,255,255,104,104,104,255,255,255,255,104,104,104,0
255,255,255,255,104,104,104,255,255,255,255,104,104,104,255,255,255,255,104,104,104,255,255,255,255,104,104,104,255,255,255,255,104,104,104,255,255,255,255,104,104,104,255,255,255,255,104,104,104,0
255,255,255,255,104,104,104,255,255,255,255,104,104,104,255,255,255,255,104,104,104,255,255,255,255,104,104,104,255,255,255,255,104,104,104,255,255,255,255,104,104,104,255,255,255,255,104,104,104,0
255,255,255,255,104,104,104,255,255,255,255,104,104,104,255,255,255,255,104,104,104,255,255,255,255,104,104,104,255,255,255,255,104,104,104,255,255,255,255,104,104,104,255,255,255,255,104,104,104,0
255,255,255,255,104,104,104,255,255,255,255,104,104,104,255,255,255,255,104,104,104,255,255,255,255,104,104,104,255,255,255,255,104,104,104,255,255,255,255,104,104,104,255,255,255,255,104,104,104,0
255,255,255,255,104,104,104,255,255,255,255,104,104,104,255,255,255,255,104,104,104,255,255,255,255,104,104,104,255,255,255,255,104,104,104,255,255,255,255,104,104,104,255,255,255,255,104,104,104,0
255,255,255,255,104,104,104,255,255,255,255,104,104,104,255,255,255,255,104,104,104,255,255,255,255,104,104,104,255,255,255,255,104,104,104,255,255,255,255,104,104,104,255,255,255,255,104,104,104,0
255,255,255,255,104,104,104,255,255,255,255,104,104,104,255,255,255,255,104,104,104,255,255,255,255,104,104,104,255,255,255,255,104,104,104,255,255,255,255,104,104,104,255,255,255,255,104,104,104,0
255,255,255,255,104,104,104,255,255,255,255,104,104,104,255,255,255,255,104,104,104,255,255,255,255,104,104,104,255,255,255,255,104,104,104,255,255,255,255,104,104,104,255,255,255,255,104,104,104,0
255,255,255,255,104,104,104,255,255,255,255,104,104,104,255,255,255,255,104,104,104,255,255,255,255,104,104,104,255,255,255,255,104,104,104,255,255,255,255,104,104,104,255,255,255,255,104,104,104,0
255,255,255,255,104,104,104,255,255,255,255,104,104,104,255,255,255,255,104,104,104,255,255,255,255,104,104,104,255,255,255,255,104,104,104,255,255,255,255,104,104,104,255,255,255,255,104,104,104,0
255,255,255,255,104,104,104,255,255,255,255,104,104,104,255,255,255,255,104,104,104,255,255,255,255,104,104,104,255,255,255,255,104,104,104,255,255,255,255,104,104,104,255,255,255,255,104,104,104,0
255,255,255,255,104,104,104,255,255,255,255,104,104,104,255,255,255,255,104,104,104,255,255,255,255,104,104,104,255,255,255,255,104,104,104,255,255,255,255,104,104,104,255,255,255,255,104,104,104,0
255,255,255,255,104,104,104,255,255,255,255,104,104,104,255,255,255,255,104,104,104,255,255,255,255,104,104,104,255,255,255,255,104,104,104,255,255,255,255,104,104,104,255,255,255,255,104,104,104,0
255,255,255,255,104,104,104,255,255,255,255,104,104,104,255,255,255,255,104,104,104,255,255,255,255,104,104,104,255,255,255,255,104,104,104,255,255,255,255,104,104,104,255,255,255,255,104,104,104,0
255,255,255,255,104,104,104,255,255,255,255,104,104,104,255,255,255,255,104,104,104,255,255,255,255,104,104,104,255,255,255,255,104,104,104,255,255,255,255,104,104,104,255,255,255,255,104,104,104,0
255,255,255,255,104,104,104,255,255,255,255,104,104,104,255,255,255,255,104,104,104,255,255,255,255,104,104,104,255,255,255,255,104,104,104,255,255,255,255,104,104,104,255,255,255,255,104,104,104,0
255,255,255,255,104,104,104,255,255,255,255,104,104,104,255,255,255,255,104,104,104,255,255,255,255,104,104,104,255,255,255,255,104,104,104,255,255,255,255,104,104,104,255,255,255,255,104,104,104,0
255,255,255,255,104,104,104,255,255,255,255,104,104,104,255,255,255,255,104,104,104,255,255,255,255,104,104,104,255,255,255,255,104,104,104,255,255,255,255,104,104,104,255,255,255,255,104,104,104,0
255,255,255,255,104,104,104,255,255,255,255,104,104,104,255,255,255,255,104,104,104,255,255,255,255,104,104,104,255,255,255,255,104,104,104,255,255,255,255,104,104,104,255,255,255,255,104,104,104,0
255,255,255,255,104,104,104,255,255,255,255,104,104,104,255,255,255,255,104,104,104,255,255,255,255,104,104,104,255,255,255,255,104,104,104,255,255,255,255,104,104,104,255,255,255,255,104,104,104,0
255,255,255,255,104,104,104,255,255,255,255,104,104,104,255,255,255,255,104,104,104,255,255,255,255,104,104,104,255,255,255,255,104,104,104,255,255,255,255,104,104,104,255,255,255,255,104,104,104,0
255,255,255,255,104,104,104,255,255,255,255,104,104,104,255,255,255,255,104,104,104,255,255,255,255,104,104,104,255,255,255,255,104,104,104,255,255,255,255,104,104,104,255,255,255,255,104,104,104,0
255,255,255,255,104,104,104,255,255,255,255,104,104,104,255,255,255,255,104,104,104,255,255,255,255,104,104,104,255,255,255,255,104,104,104,255,255,255,255,104,104,104,255,255,255,255,104,104,104,0
255,255,255,255,104,104,104,255,255,255,255,104,104,104,255,255,255,255,104,104,104,255,255,255,255,104,104,104,255,255,255,255,104,104,104,255,255,255,255,104,104,104,255,255,255,255,104,104,104,0
255,255,255,255,104,104,104,255,255,255,255,104,104,104,255,255,255,255,104,104,104,255,255,255,255,104,104,104,255,255,255,255,104,104,104,255,255,255,255,104,104,104,255,255,255,255,104,104,104,0
255,255,255,255,104,104,104,255,255,255,255,104,104,104,255,255,255,255,104,104,104,255,255,255,255,104,104,104,255,255,255,255,104,104,104,255,255,255,255,104,104,104,255,255,255,255,104,104,104,0
255,255,255,255,104,104,104,255,255,255,255,104,104,104,255,255,255,255,104,104,104,255,255,255,255,104,104,104,255,255,255,255,104,104,104,255,255,255,255,104,104,104,255,255,255,255,104,104,104,0
255,255,255,255,104,104,104,255,255,255,255,104,104,104,255,255,255,255,104,104,104,255,255,255,255,104,104,104,255,255,255,255,104,104,104,255,255,255,255,104,104,104,255,255,255,255,104,104,104,0
255,255,255,255,104,104,104,255,255,255,255,104,104,104,255,255,255,255,104,104,104,255,255,255,255,104,104,104,255,255,255,255,104,104,104,255,255,255,255,104,104,104,255,255,255,255,255,255,255,0
255,255,255,255,104,104,104,255,255,255,255,104,104,104,255,255,255,255,104,104,104,255,255,255,255,104,104,104,255,255,255,255,104,104,104,255,255,255,255,255,255,255,255,255,255,255,255,255,255,0
255,255,255,255,104,104,104,255,255,255,255,104,104,104,255,255,255,255,104,104,104,255,255,255,255,255,255,255,255,255,255,255,255,255,255,255,255,255,255,255,255,255,255,255,255,255,255,255,255,0
255,255,255,255,104,104,104,255,255,255,255,104,104,104,255,255,255,255,255,255,255,255,255,255,255,255,255,255,255,255,255,255,255,255,255,255,255,255,255,255,255,255,255,255,255,255,255,255,255,0
255,255,255,255,104,104,104,255,255,255,255,255,255,255,255,255,255,255,255,255,255,255,255,255,255,255,255,255,255,255,255,255,255,255,255,255,255,255,255,255,255,255,255,255,255,255,255,255,255,0
255,255,255,255,255,255,255,255,255,255,255,255,255,255,255,255,255,255,255,255,255,255,255,255,255,255,255,255,255,255,255,255,255,255,255,255,255,255,255,255,255,255,255,255,255,255,255,255,255,0
255,255,255,255,255,255,255,255,255,255,255,255,255,255,255,255,255,255,255,255,255,255,255,255,255,255,255,255,255,255,255,255,255,255,255,255,255,255,255,255,255,255,255,255,255,255,255,255,255,0
255,255,255,255,255,255,255,255,255,255,255,255,255,255,255,255,255,255,255,255,255,255,255,255,255,255,255,255,255,255,255,255,255,255,255,255,255,255,255,255,255,255,255,255,255,255,255,255,255,0
255,255,255,255,255,255,255,255,255,255,255,255,255,255,255,255,255,255,255,255,255,255,255,255,255,255,255,255,255,255,255,255,255,255,255,255,255,255,255,255,255,255,255,255,255,255,255,255,255,0
255,255,255,255,255,255,255,255,255,255,255,255,255,255,255,255,255,255,255,255,255,255,255,255,255,255,255,255,255,255,255,255,255,255,255,255,255,255,255,255,255,255,255,255,255,255,255,255,255,0
255,255,255,255,255,255,255,255,255,255,255,255,255,255,255,255,255,255,255,255,255,255,255,255,255,255,255,255,255,255,255,255,255,255,255,255,255,255,255,255,255,255,255,255,255,255,255,255,255,0
255,255,255,255,255,255,255,255,255,255,255,255,255,255,255,255,255,255,255,255,255,255,255,255,255,255,255,255,255,255,255,255,255,255,255,255,255,255,255,255,255,255,255,255,255,255,255,255,255,0
255,255,255,255,255,255,255,255,255,255,255,255,255,255,255,255,255,255,255,255,255,255,255,255,255,255,255,255,255,255,255,255,255,255,255,255,255,255,255,255,255,255,255,255,255,255,255,255,255,0
255,255,255,255,255,255,255,255,255,255,255,255,255,255,255,255,255,255,255,255,255,255,255,255,255,255,255,255,255,255,255,255,255,255,255,255,255,255,255,255,255,255,255,255,255,255,255,255,255,0
255,255,255,255,255,255,255,255,255,255,255,255,255,255,255,255,255,255,255,255,255,255,255,255,255,255,255,255,255,255,255,255,255,255,255,255,255,255,255,255,255,255,255,255,255,255,255,255,255,0
255,255,255,255,255,255,255,255,255,255,255,255,255,255,255,255,255,255,255,255,255,255,255,255,255,255,255,255,255,255,255,255,255,255,255,255,255,255,255,255,255,255,255,255,255,255,255,255,255,0
255,255,255,255,255,255,255,255,255,255,255,255,255,255,255,255,255,255,255,255,255,255,255,255,255,255,255,255,255,255,255,255,255,255,255,255,255,255,255,255,255,255,255,255,255,255,255,255,255,0
255,255,255,255,255,255,255,255,255,255,255,255,255,255,255,255,255,255,255,255,255,255,255,255,255,255,255,255,255,255,255,255,255,255,255,255,255,255,255,255,255,255,255,255,255,255,255,255,255,0
255,255,255,255,255,255,255,255,255,255,255,255,255,255,255,255,255,255,255,255,255,255,255,255,255,255,255,255,255,255,255,255,255,255,255,255,255,255,255,255,255,255,255,255,255,255,255,255,255,0
255,255,255,255,255,255,255,255,255,255,255,255,255,255,255,255,255,255,255,255,255,255,255,255,255,255,255,255,255,255,255,255,255,255,255,255,255,255,255,255,255,255,255,255,255,255,255,255,255,0
255,255,255,255,255,255,255,255,255,255,255,255,255,255,255,255,255,255,255,255,255,255,255,255,255,255,255,255,255,255,255,255,255,255,255,255,255,255,255,255,255,255,255,255,255,255,255,255,255,0
255,255,255,255,255,255,255,255,255,255,255,255,255,255,255,255,255,255,255,255,255,255,255,255,255,255,255,255,255,255,255,255,255,255,255,255,255,255,255,255,255,255,255,255,255,255,255,255,255,0
255,255,255,255,255,255,255,255,255,255,255,255,255,255,255,255,255,255,255,255,255,255,255,255,255,255,255,255,255,255,255,255,255,255,255,255,255,255,255,255,255,255,255,255,255,255,255,255,255,0
255,255,255,255,255,255,255,255,255,255,255,255,255,255,255,255,255,255,255,255,255,255,255,255,255,255,255,255,255,255,255,255,255,255,255,255,255,255,255,255,255,255,255,255,255,255,255,255,255,0
255,255,255,255,255,255,255,255,255,255,255,255,255,255,255,255,255,255,255,255,255,255,255,255,255,255,255,255,255,255,255,255,255,255,255,255,255,255,255,255,255,255,255,255,255,255,255,255,255,0
255,255,255,255,255,255,255,255,255,255,255,255,255,255,255,255,255,255,255,255,255,255,255,255,255,255,255,255,255,255,255,255,255,255,255,255,255,255,255,255,255,255,255,255,255,255,255,255,255,0
255,255,255,255,255,255,255,255,255,255,255,255,255,255,255,255,255,255,255,255,255,255,255,255,255,255,255,255,255,255,255,255,255,255,255,255,255,255,255,255,255,255,255,255,255,255,255,255,255,0
255,255,255,255,255,255,255,255,255,255,255,255,255,255,255,255,255,255,255,255,255,255,255,255,255,255,255,255,255,255,255,255,255,255,255,255,255,255,255,255,255,255,255,255,255,255,255,255,255,0
255,255,255,255,255,255,255,255,255,255,255,255,255,255,255,255,255,255,255,255,255,255,255,255,255,255,255,255,255,255,255,255,255,255,255,255,255,255,255,255,255,255,255,255,255,255,255,255,255,0
255,255,255,255,255,255,255,255,255,255,255,255,255,255,255,255,255,255,255,255,255,255,255,255,255,255,255,255,255,255,255,255,255,255,255,255,255,255,255,255,255,255,255,255,255,255,255,255,255,0
255,255,255,255,255,255,255,255,255,255,255,255,255,255,255,255,255,255,255,255,255,255,255,255,255,255,255,255,255,255,255,255,255,255,255,255,255,255,255,255,255,255,255,255,255,255,255,255,255,0
255,255,255,255,255,255,255,255,255,255,255,255,255,255,255,255,255,255,255,255,255,255,255,255,255,255,255,255,255,255,255,255,255,255,255,255,255,255,255,255,255,255,255,255,255,255,255,255,255,0
3,0,3,4,255,255,255,3,3,0,4,255,255,255,4,4,4,0,255,255,255,255,255,255,255,0,1,1,255,255,255,255,1,0,1,255,255,255,255,1,1,0,255,255,255,255,1,1,1,0
3,3,0,4,255,255,255,4,4,4,0,255,255,255,255,255,255,255,0,1,1,255,255,255,255,1,0,1,255,255,255,255,1,1,0,255,255,255,255,1,1,1,255,255,255,255,1,1,1,0
4,4,4,0,255,255,255,255,255,255,255,0,1,1,255,255,255,255,1,0,1,255,255,255,255,1,1,0,255,255,255,255,1,1,1,255,255,255,255,1,1,1,255,255,255,255,1,1,1,0
255,255,255,255,0,1,1,255,255,255,255,1,0,1,255,255,255,255,1,1,0,255,255,255,255,1,1,1,255,255,255,255,1,1,1,255,255,255,255,1,1,1,255,255,255,255,1,1,1,0
255,255,255,255,1,0,1,255,255,255,255,1,1,0,255,255,255,255,1,1,1,255,255,255,255,1,1,1,255,255,255,255,1,1,1,255,255,255,255,1,1,1,255,255,255,255,1,1,1,0
255,255,255,255,1,1,0,255,255,255,255,1,1,1,255,255,255,255,1,1,1,255,255,255,255,1,1,1,255,255,255,255,1,1,1,255,255,255,255,1,1,1,255,255,255,255,1,1,1,0
255,255,255,255,1,1,1,255,255,255,255,1,1,1,255,255,255,255,1,1,1,255,255,255,255,1,1,1,255,255,255,255,1,1,1,255,255,255,255,1,1,1,255,255,255,255,1,1,1,0
255,255,255,255,1,1,1,255,255,255,255,1,1,1,255,255,255,255,1,1,1,255,255,255,255,1,1,1,255,255,255,255,1,1,1,255,255,255,255,1,1,1,255,255,255,255,1,1,1,0
255,255,255,255,1,1,1,255,255,255,255,1,1,1,255,255,255,255,1,1,1,255,255,255,255,1,1,1,255,255,255,255,1,1,1,255,255,255,255,1,1,1,255,255,255,255,1,1,1,0
255,255,255,255,1,1,1,255,255,255,255,1,1,1,255,255,255,255,1,1,1,255,255,255,255,1,1,1,255,255,255,255,1,1,1,255,255,255,255,1,1,1,255,255,255,255,1,1,1,0
255,255,255,255,1,1,1,255,255,255,255,1,1,1,255,255,255,255,1,1,1,255,255,255,255,1,1,1,255,255,255,255,1,1,1,255,255,255,255,1,1,1,255,255,255,255,1,1,1,0
255,255,255,255,1,1,1,255,255,255,255,1,1,1,255,255,255,255,1,1,1,255,255,255,255,1,1,1,255,255,255,255,1,1,1,255,255,255,255,1,1,1,255,255,255,255,1,1,1,0
255,255,255,255,1,1,1,255,255,255,255,1,1,1,255,255,255,255,1,1,1,255,255,255,255,1,1,1,255,255,255,255,1,1,1,255,255,255,255,1,1,1,255,255,255,255,1,1,1,0
255,255,255,255,1,1,1,255,255,255,255,1,1,1,255,255,255,255,1,1,1,255,255,255,255,1,1,1,255,255,255,255,1,1,1,255,255,255,255,1,1,1,255,255,255,255,2,2,2,0
255,255,255,255,1,1,1,255,255,255,255,1,1,1,255,255,255,255,1,1,1,255,255,255,255,1,1,1,255,255,255,255,1,1,1,255,255,255,255,2,2,2,255,255,255,255,2,2,2,0
255,255,255,255,185,185,185,255,255,255,255,185,185,185,255,255,255,255,185,185,185,255,255,255,255,185,185,185,255,255,255,255,185,185,185,255,255,255,255,185,185,185,255,255,255,255,185,185,185,0
255,255,255,255,185,185,185,255,255,255,255,185,185,185,255,255,255,255,185,185,185,255,255,255,255,185,185,185,255,255,255,255,185,185,185,255,255,255,255,185,185,185,255,255,255,255,185,185,185,0
255,255,255,255,185,185,185,255,255,255,255,185,185,185,255,255,255,255,185,185,185,255,255,255,255,185,185,185,255,255,255,255,185,185,185,255,255,255,255,185,185,185,255,255,255,255,185,185,185,0
255,255,255,255,185,185,185,255,255,255,255,185,185,185,255,255,255,255,185,185,185,255,255,255,255,185,185,185,255,255,255,255,185,185,185,255,255,255,255,185,185,185,255,255,255,255,185,185,185,0
255,255,255,255,185,185,185,255,255,255,255,185,185,185,255,255,255,255,185,185,185,255,255,255,255,185,185,185,255,255,255,255,185,185,185,255,255,255,255,185,185,185,255,255,255,255,185,185,185,0
255,255,255,255,185,185,185,255,255,255,255,185,185,185,255,255,255,255,185,185,185,255,255,255,255,185,185,185,255,255,255,255,185,185,185,255,255,255,255,185,185,185,255,255,255,255,185,185,185,0
255,255,255,255,185,185,185,255,255,255,255,185,185,185,255,255,255,255,185,185,185,255,255,255,255,185,185,185,255,255,255,255,185,185,185,255,255,255,255,185,185,185,255,255,255,255,185,185,185,0
255,255,255,255,185,185,185,255,255,255,255,185,185,185,255,255,255,255,185,185,185,255,255,255,255,185,185,185,255,255,255,255,185,185,185,255,255,255,255,185,185,185,255,255,255,255,185,185,185,0
255,255,255,255,185,185,185,255,255,255,255,185,185,185,255,255,255,255,185,185,185,255,255,255,255,185,185,185,255,255,255,255,185,185,185,255,255,255,255,185,185,185,255,255,255,255,185,185,185,0
255,255,255,255,185,185,185,255,255,255,255,185,185,185,255,255,255,255,185,185,185,255,255,255,255,185,185,185,255,255,255,255,185,185,185,255,255,255,255,185,185,185,255,255,255,255,185,185,185,0
255,255,255,255,185,185,185,255,255,255,255,185,185,185,255,255,255,255,185,185,185,255,255,255,255,185,185,185,255,255,255,255,185,185,185,255,255,255,255,185,185,185,255,255,255,255,185,185,185,0
255,255,255,255,185,185,185,255,255,255,255,185,185,185,255,255,255,255,185,185,185,255,255,255,255,185,185,185,255,255,255,255,185,185,185,255,255,255,255,185,185,185,255,255,255,255,185,185,185,0
255,255,255,255,185,185,185,255,255,255,255,185,185,185,255,255,255,255,185,185,185,255,255,255,255,185,185,185,255,255,255,255,185,185,185,255,255,255,255,185,185,185,255,255,255,255,185,185,185,0
255,255,255,255,204,204,204,255,255,255,255,204,204,204,255,255,255,255,204,204,204,255,255,255,255,204,204,204,255,255,255,255,204,204,204,255,255,255,255,204,204,204,255,255,255,255,204,204,204,0
255,255,255,255,204,204,204,255,255,255,255,204,204,204,255,255,255,255,204,204,204,255,255,255,255,204,204,204,255,255,255,255,204,204,204,255,255,255,255,204,204,204,255,255,255,255,204,204,204,0
255,255,255,255,204,204,204,255,255,255,255,204,204,204,255,255,255,255,204,204,204,255,255,255,255,204,204,204,255,255,255,255,204,204,204,255,255,255,255,204,204,204,255,255,255,255,204,204,204,0
255,255,255,255,204,204,204,255,255,255,255,204,204,204,255,255,255,255,204,204,204,255,255,255,255,204,204,204,255,255,255,255,204,204,204,255,255,255,255,204,204,204,255,255,255,255,204,204,204,0
255,255,255,255,204,204,204,255,255,255,255,204,204,204,255,255,255,255,204,204,204,255,255,255,255,204,204,204,255,255,255,255,204,204,204,255,255,255,255,204,204,204,255,255,255,255,204,204,204,0
255,255,255,255,204,204,204,255,255,255,255,204,204,204,255,255,255,255,204,204,204,255,255,255,255,204,204,204,255,255,255,255,204,204,204,255,255,255,255,204,204,204,255,255,255,255,204,204,204,0
255,255,255,255,204,204,204,255,255,255,255,204,204,204,255,255,255,255,204,204,204,255,255,255,255,204,204,204,255,255,255,255,204,204,204,255,255,255,255,204,204,204,255,255,255,255,204,204,204,0
255,255,255,255,204,204,204,255,255,255,255,204,204,204,255,255,255,255,204,204,204,255,255,255,255,204,204,204,255,255,255,255,204,204,204,255,255,255,255,204,204,204,255,255,255,255,204,204,204,0
255,255,255,255,204,204,204,255,255,255,255,204,204,204,255,255,255,255,204,204,204,255,255,255,255,204,204,204,255,255,255,255,204,204,204,255,255,255,255,204,204,204,255,255,255,255,204,204,204,0
255,255,255,255,204,204,204,255,255,255,255,204,204,204,255,255,255,255,204,204,204,255,255,255,255,204,204,204,255,255,255,255,204,204,204,255,255,255,255,204,204,204,255,255,255,255,204,204,204,0
255,255,255,255,204,204,204,255,255,255,255,204,204,204,255,255,255,255,204,204,204,255,255,255,255,204,204,204,255,255,255,255,204,204,204,255,255,255,255,204,204,204,255,255,255,255,204,204,204,0
255,255,255,255,204,204,204,255,255,255,255,204,204,204,255,255,255,255,204,204,204,255,255,255,255,204,204,204,255,255,255,255,204,204,204,255,255,255,255,204,204,204,255,255,255,255,204,204,204,0
255,255,255,255,204,204,204,255,255,255,255,204,204,204,255,255,255,255,204,204,204,255,255,255,255,204,204,204,255,255,255,255,204,204,204,255,255,255,255,204,204,204,255,255,255,255,204,204,204,0
255,255,255,255,204,204,204,255,255,255,255,204,204,204,255,255,255,255,204,204,204,255,255,255,255,204,204,204,255,255,255,255,204,204,204,255,255,255,255,204,204,204,255,255,255,255,204,204,204,0
255,255,255,255,204,204,204,255,255,255,255,204,204,204,255,255,255,255,204,204,204,255,255,255,255,204,204,204,255,255,255,255,204,204,204,255,255,255,255,204,204,204,255,255,255,255,204,204,204,0
255,255,255,255,204,204,204,255,255,255,255,204,204,204,255,255,255,255,204,204,204,255,255,255,255,204,204,204,255,255,255,255,204,204,204,255,255,255,255,204,204,204,255,255,255,255,204,204,204,0
255,255,255,255,204,204,204,255,255,255,255,204,204,204,255,255,255,255,204,204,204,255,255,255,255,204,204,204,255,255,255,255,204,204,204,255,255,255,255,204,204,204,255,255,255,255,204,204,204,0
255,255,255,255,204,204,204,255,255,255,255,204,204,204,255,255,255,255,204,204,204,255,255,255,255,204,204,204,255,255,255,255,204,204,204,255,255,255,255,204,204,204,255,255,255,255,204,204,204,0
255,255,255,255,204,204,204,255,255,255,255,204,204,204,255,255,255,255,204,204,204,255,255,255,255,204,204,204,255,255,255,255,204,204,204,255,255,255,255,204,204,204,255,255,255,255,204,204,204,0
255,255,255,255,204,204,204,255,255,255,255,204,204,204,255,255,255,255,204,204,204,255,255,255,255,204,204,204,255,255,255,255,204,204,204,255,255,255,255,204,204,204,255,255,255,255,204,204,204,0
255,255,255,255,204,204,204,255,255,255,255,204,204,204,255,255,255,255,204,204,204,255,255,255,255,204,204,204,255,255,255,255,204,204,204,255,255,255,255,204,204,204,255,255,255,255,204,204,204,0
255,255,255,255,204,204,204,255,255,255,255,204,204,204,255,255,255,255,204,204,204,255,255,255,255,204,204,204,255,255,255,255,204,204,204,255,255,255,255,204,204,204,255,255,255,255,204,204,204,0
255,255,255,255,204,204,204,255,255,255,255,204,204,204,255,255,255,255,204,204,204,255,255,255,255,204,204,204,255,255,255,255,204,204,204,255,255,255,255,204,204,204,255,255,255,255,204,204,204,0
255,255,255,255,204,204,204,255,255,255,255,204,204,204,255,255,255,255,204,204,204,255,255,255,255,204,204,204,255,255,255,255,204,204,204,255,255,255,255,204,204,204,255,255,255,255,204,204,204,0
255,255,255,255,204,204,204,255,255,255,255,204,204,204,255,255,255,255,204,204,204,255,255,255,255,204,204,204,255,255,255,255,204,204,204,255,255,255,255,204,204,204,255,255,255,255,204,204,204,0
255,255,255,255,204,204,204,255,255,255,255,204,204,204,255,255,255,255,204,204,204,255,255,255,255,204,204,204,255,255,255,255,204,204,204,255,255,255,255,204,204,204,255,255,255,255,204,204,204,0
255,255,255,255,204,204,204,255,255,255,255,204,204,204,255,255,255,255,204,204,204,255,255,255,255,204,204,204,255,255,255,255,204,204,204,255,255,255,255,204,204,204,255,255,255,255,204,204,204,0
255,255,255,255,204,204,204,255,255,255,255,204,204,204,255,255,255,255,204,204,204,255,255,255,255,204,204,204,255,255,255,255,204,204,204,255,255,255,255,204,204,204,255,255,255,255,204,204,204,0
255,255,255,255,204,204,204,255,255,255,255,204,204,204,255,255,255,255,204,204,204,255,255,255,255,204,204,204,255,255,255,255,204,204,204,255,255,255,255,204,204,204,255,255,255,255,204,204,204,0
255,255,255,255,204,204,204,255,255,255,255,204,204,204,255,255,255,255,204,204,204,255,255,255,255,204,204,204,255,255,255,255,204,204,204,255,255,255,255,204,204,204,255,255,255,255,204,204,204,0
255,255,255,255,204,204,204,255,255,255,255,204,204,204,255,255,255,255,204,204,204,255,255,255,255,204,204,204,255,255,255,255,204,204,204,255,255,255,255,204,204,204,255,255,255,255,204,204,204,0
255,255,255,255,204,204,204,255,255,255,255,204,204,204,255,255,255,255,204,204,204,255,255,255,255,204,204,204,255,255,255,255,204,204,204,255,255,255,255,204,204,204,255,255,255,255,204,204,204,0
255,255,255,255,204,204,204,255,255,255,255,204,204,204,255,255,255,255,204,204,204,255,255,255,255,204,204,204,255,255,255,255,204,204,204,255,255,255,255,204,204,204,255,255,255,255,204,204,204,0
255,255,255,255,204,204,204,255,255,255,255,204,204,204,255,255,255,255,204,204,204,255,255,255,255,204,204,204,255,255,255,255,204,204,204,255,255,255,255,204,204,204,255,255,255,255,204,204,204,0
255,255,255,255,204,204,204,255,255,255,255,204,204,204,255,255,255,255,204,204,204,255,255,255,255,204,204,204,255,255,255,255,204,204,204,255,255,255,255,204,204,204,255,255,255,255,204,204,204,0
255,255,255,255,204,204,204,255,255,255,255,204,204,204,255,255,255,255,204,204,204,255,255,255,255,204,204,204,255,255,255,255,204,204,204,255,255,255,255,204,204,204,255,255,255,255,204,204,204,0
255,255,255,255,204,204,204,255,255,255,255,204,204,204,255,255,255,255,204,204,204,255,255,255,255,204,204,204,255,255,255,255,204,204,204,255,255,255,255,204,204,204,255,255,255,255,204,204,204,0
255,255,255,255,204,204,204,255,255,255,255,204,204,204,255,255,255,255,204,204,204,255,255,255,255,204,204,204,255,255,255,255,204,204,204,255,255,255,255,204,204,204,255,255,255,255,204,204,204,0
255,255,255,255,204,204,204,255,255,255,255,204,204,204,255,255,255,255,204,204,204,255,255,255,255,204,204,204,255,255,255,255,204,204,204,255,255,255,255,204,204,204,255,255,255,255,204,204,204,0
255,255,255,255,204,204,204,255,255,255,255,204,204,204,255,255,255,255,204,204,204,255,255,255,255,204,204,204,255,255,255,255,204,204,204,255,255,255,255,204,204,204,255,255,255,255,204,204,204,0
255,255,255,255,204,204,204,255,255,255,255,204,204,204,255,255,255,255,204,204,204,255,255,255,255,204,204,204,255,255,255,255,204,204,204,255,255,255,255,204,204,204,255,255,255,255,204,204,204,0
255,255,255,255,204,204,204,255,255,255,255,204,204,204,255,255,255,255,204,204,204,255,255,255,255,204,204,204,255,255,255,255,204,204,204,255,255,255,255,204,204,204,255,255,255,255,204,204,204,0
255,255,255,255,204,204,204,255,255,255,255,204,204,204,255,255,255,255,204,204,204,255,255,255,255,204,204,204,255,255,255,255,204,204,204,255,255,255,255,204,204,204,255,255,255,255,204,204,204,0
255,255,255,255,204,204,204,255,255,255,255,204,204,204,255,255,255,255,204,204,204,255,255,255,255,204,204,204,255,255,255,255,204,204,204,255,255,255,255,204,204,204,255,255,255,255,204,204,204,0
255,255,255,255,204,204,204,255,255,255,255,204,204,204,255,255,255,255,204,204,204,255,255,255,255,204,204,204,255,255,255,255,204,204,204,255,255,255,255,204,204,204,255,255,255,255,204,204,204,0
255,255,255,255,204,204,204,255,255,255,255,204,204,204,255,255,255,255,204,204,204,255,255,255,255,204,204,204,255,255,255,255,204,204,204,255,255,255,255,204,204,204,255,255,255,255,204,204,204,0
255,255,255,255,204,204,204,255,255,255,255,204,204,204,255,255,255,255,204,204,204,255,255,255,255,204,204,204,255,255,255,255,204,204,204,255,255,255,255,204,204,204,255,255,255,255,204,204,204,0
255,255,255,255,204,204,204,255,255,255,255,204,204,204,255,255,255,255,204,204,204,255,255,255,255,204,204,204,255,255,255,255,204,204,204,255,255,255,255,204,204,204,255,255,255,255,204,204,204,0
255,255,255,255,204,204,204,255,255,255,255,204,204,204,255,255,255,255,204,204,204,255,255,255,255,204,204,204,255,255,255,255,204,204,204,255,255,255,255,204,204,204,255,255,255,255,204,204,204,0
255,255,255,255,204,204,204,255,255,255,255,204,204,204,255,255,255,255,204,204,204,255,255,255,255,204,204,204,255,255,255,255,204,204,204,255,255,255,255,204,204,204,255,255,255,255,204,204,204,0
255,255,255,255,204,204,204,255,255,255,255,204,204,204,255,255,255,255,204,204,204,255,255,255,255,204,204,204,255,255,255,255,204,204,204,255,255,255,255,204,204,204,255,255,255,255,204,204,204,0
255,255,255,255,204,204,204,255,255,255,255,204,204,204,255,255,255,255,204,204,204,255,255,255,255,204,204,204,255,255,255,255,204,204,204,255,255,255,255,204,204,204,255,255,255,255,204,204,204,0
255,255,255,255,204,204,204,255,255,255,255,204,204,204,255,255,255,255,204,204,204,255,255,255,255,204,204,204,255,255,255,255,204,204,204,255,255,255,255,204,204,204,255,255,255,255,204,204,204,0
255,255,255,255,204,204,204,255,255,255,255,204,204,204,255,255,255,255,204,204,204,255,255,255,255,204,204,204,255,255,255,255,204,204,204,255,255,255,255,204,204,204,255,255,255,255,204,204,204,0
255,255,255,255,204,204,204,255,255,255,255,204,204,204,255,255,255,255,204,204,204,255,255,255,255,204,204,204,255,255,255,255,204,204,204,255,255,255,255,204,204,204,255,255,255,255,204,204,204,0
255,255,255,255,204,204,204,255,255,255,255,204,204,204,255,255,255,255,204,204,204,255,255,255,255,204,204,204,255,255,255,255,204,204,204,255,255,255,255,204,204,204,255,255,255,255,204,204,204,0
255,255,255,255,204,204,204,255,255,255,255,204,204,204,255,255,255,255,204,204,204,255,255,255,255,204,204,204,255,255,255,255,204,204,204,255,255,255,255,204,204,204,255,255,255,255,204,204,204,0
255,255,255,255,204,204,204,255,255,255,255,204,204,204,255,255,255,255,204,204,204,255,255,255,255,204,204,204,255,255,255,255,204,204,204,255,255,255,255,204,204,204,255,255,255,255,204,204,204,0
255,255,255,255,204,204,204,255,255,255,255,204,204,204,255,255,255,255,204,204,204,255,255,255,255,204,204,204,255,255,255,255,204,204,204,255,255,255,255,204,204,204,255,255,255,255,204,204,204,0
255,255,255,255,204,204,204,255,255,255,255,204,204,204,255,255,255,255,204,204,204,255,255,255,255,204,204,204,255,255,255,255,204,204,204,255,255,255,255,204,204,204,255,255,255,255,204,204,204,0
255,255,255,255,204,204,204,255,255,255,255,204,204,204,255,255,255,255,204,204,204,255,255,255,255,204,204,204,255,255,255,255,204,204,204,255,255,255,255,204,204,204,255,255,255,255,204,204,204,0
255,255,255,255,204,204,204,255,255,255,255,204,204,204,255,255,255,255,204,204,204,255,255,255,255,204,204,204,255,255,255,255,204,204,204,255,255,255,255,204,204,204,255,255,255,255,204,204,204,0
255,255,255,255,204,204,204,255,255,255,255,204,204,204,255,255,255,255,204,204,204,255,255,255,255,204,204,204,255,255,255,255,204,204,204,255,255,255,255,204,204,204,255,255,255,255,204,204,204,0
255,255,255,255,204,204,204,255,255,255,255,204,204,204,255,255,255,255,204,204,204,255,255,255,255,204,204,204,255,255,255,255,204,204,204,255,255,255,255,204,204,204,255,255,255,255,204,204,204,0
255,255,255,255,204,204,204,255,255,255,255,204,204,204,255,255,255,255,204,204,204,255,255,255,255,204,204,204,255,255,255,255,204,204,204,255,255,255,255,204,204,204,255,255,255,255,204,204,204,0
255,255,255,255,204,204,204,255,255,255,255,204,204,204,255,255,255,255,204,204,204,255,255,255,255,204,204,204,255,255,255,255,204,204,204,255,255,255,255,204,204,204,255,255,255,255,204,204,204,0
255,255,255,255,204,204,204,255,255,255,255,204,204,204,255,255,255,255,204,204,204,255,255,255,255,204,204,204,255,255,255,255,204,204,204,255,255,255,255,204,204,204,255,255,255,255,204,204,204,0
255,255,255,255,204,204,204,255,255,255,255,204,204,204,255,255,255,255,204,204,204,255,255,255,255,204,204,204,255,255,255,255,204,204,204,255,255,255,255,204,204,204,255,255,255,255,204,204,204,0
255,255,255,255,204,204,204,255,255,255,255,204,204,204,255,255,255,255,204,204,204,255,255,255,255,204,204,204,255,255,255,255,204,204,204,255,255,255,255,204,204,204,255,255,255,255,204,204,204,0
255,255,255,255,204,204,204,255,255,255,255,204,204,204,255,255,255,255,204,204,204,255,255,255,255,204,204,204,255,255,255,255,204,204,204,255,255,255,255,204,204,204,255,255,255,255,204,204,204,0
255,255,255,255,204,204,204,255,255,255,255,204,204,204,255,255,255,255,204,204,204,255,255,255,255,204,204,204,255,255,255,255,204,204,204,255,255,255,255,204,204,204,255,255,255,255,204,204,204,0
255,255,255,255,204,204,204,255,255,255,255,204,204,204,255,255,255,255,204,204,204,255,255,255,255,204,204,204,255,255,255,255,204,204,204,255,255,255,255,204,204,204,255,255,255,255,204,204,204,0
255,255,255,255,204,204,204,255,255,255,255,204,204,204,255,255,255,255,204,204,204,255,255,255,255,204,204,204,255,255,255,255,204,204,204,255,255,255,255,204,204,204,255,255,255,255,204,204,204,0
255,255,255,255,204,204,204,255,255,255,255,204,204,204,255,255,255,255,204,204,204,255,255,255,255,204,204,204,255,255,255,255,204,204,204,255,255,255,255,204,204,204,255,255,255,255,204,204,204,0
255,255,255,255,204,204,204,255,255,255,255,204,204,204,255,255,255,255,204,204,204,255,255,255,255,204,204,204,255,255,255,255,204,204,204,255,255,255,255,204,204,204,255,255,255,255,204,204,204,0
255,255,255,255,204,204,204,255,255,255,255,204,204,204,255,255,255,255,204,204,204,255,255,255,255,204,204,204,255,255,255,255,204,204,204,255,255,255,255,204,204,204,255,255,255,255,204,204,204,0
255,255,255,255,204,204,204,255,255,255,255,204,204,204,255,255,255,255,204,204,204,255,255,255,255,204,204,204,255,255,255,255,204,204,204,255,255,255,255,204,204,204,255,255,255,255,204,204,204,0
255,255,255,255,204,204,204,255,255,255,255,204,204,204,255,255,255,255,204,204,204,255,255,255,255,204,204,204,255,255,255,255,204,204,204,255,255,255,255,204,204,204,255,255,255,255,255,255,255,0
255,255,255,255,204,204,204,255,255,255,255,204,204,204,255,255,255,255,204,204,204,255,255,255,255,204,204,204,255,255,255,255,204,204,204,255,255,255,255,255,255,255,255,255,255,255,255,255,255,0
185,185,185,185,1,1,1,185,185,185,185,1,1,1,185,185,185,185,1,1,1,185,185,185,185,1,1,1,185,185,185,185,1,1,1,185,185,185,185,1,1,1,185,185,185,185,1,1,1,0
185,185,185,185,1,1,1,185,185,185,185,1,1,1,185,185,185,185,1,1,1,185,185,185,185,1,1,1,185,185,185,185,1,1,1,185,185,185,185,1,1,1,185,185,185,185,1,1,1,0
185,185,185,185,1,1,1,185,185,185,185,1,1,1,185,185,185,185,1,1,1,185,185,185,185,1,1,1,185,185,185,185,1,1,1,185,185,185,185,1,1,1,185,185,185,185,1,1,1,0
185,185,185,185,1,1,1,185,185,185,185,1,1,1,185,185,185,185,1,1,1,185,185,185,185,1,1,1,185,185,185,185,1,1,1,185,185,185,185,1,1,1,185,185,185,185,1,1,1,0
185,185,185,185,1,1,1,185,185,185,185,1,1,1,185,185,185,185,1,1,1,185,185,185,185,1,1,1,185,185,185,185,1,1,1,185,185,185,185,1,1,1,185,185,185,185,1,1,1,0
185,185,185,185,1,1,1,185,185,185,185,1,1,1,185,185,185,185,1,1,1,185,185,185,185,1,1,1,185,185,185,185,1,1,1,185,185,185,185,1,1,1,185,185,185,185,1,1,1,0
185,185,185,185,1,1,1,185,185,185,185,1,1,1,185,185,185,185,1,1,1,185,185,185,185,1,1,1,185,185,185,185,1,1,1,185,185,185,185,1,1,1,185,185,185,185,1,1,1,0
185,185,185,185,1,1,1,185,185,185,185,1,1,1,185,185,185,185,1,1,1,185,185,185,185,1,1,1,185,185,185,185,1,1,1,185,185,185,185,1,1,1,185,185,185,185,1,1,1,0
185,185,185,185,1,1,1,185,185,185,185,1,1,1,185,185,185,185,1,1,1,185,185,185,185,1,1,1,185,185,185,185,1,1,1,185,185,185,185,1,1,1,185,185,185,185,1,1,1,0
185,185,185,185,1,1,1,185,185,185,185,1,1,1,185,185,185,185,1,1,1,185,185,185,185,1,1,1,185,185,185,185,1,1,1,185,185,185,185,1,1,1,185,185,185,185,1,1,1,0
185,185,185,185,1,1,1,185,185,185,185,1,1,1,185,185,185,185,1,1,1,185,185,185,185,1,1,1,185,185,185,185,1,1,1,185,185,185,185,1,1,1,185,185,185,185,1,1,1,0
185,185,185,185,1,1,1,185,185,185,185,1,1,1,185,185,185,185,1,1,1,185,185,185,185,1,1,1,185,185,185,185,1,1,1,185,185,185,185,1,1,1,185,185,185,185,1,1,1,0
185,185,185,185,1,1,1,185,185,185,185,1,1,1,185,185,185,185,1,1,1,185,185,185,185,1,1,1,185,185,185,185,1,1,1,185,185,185,185,1,1,1,185,185,185,185,1,1,1,0
185,185,185,185,1,1,1,185,185,185,185,1,1,1,185,185,185,185,1,1,1,185,185,185,185,1,1,1,185,185,185,185,1,1,1,185,185,185,185,1,1,1,185,185,185,185,1,1,1,0
185,185,185,185,1,1,1,185,185,185,185,1,1,1,185,185,185,185,1,1,1,185,185,185,185,1,1,1,185,185,185,185,1,1,1,185,185,185,185,1,1,1,185,185,185,185,1,1,1,0
185,185,185,185,1,1,1,185,185,185,185,1,1,1,185,185,185,185,1,1,1,185,185,185,185,1,1,1,185,185,185,185,1,1,1,185,185,185,185,1,1,1,185,185,185,185,1,1,1,0
185,185,185,185,1,1,1,185,185,185,185,1,1,1,185,185,185,185,1,1,1,185,185,185,185,1,1,1,185,185,185,185,1,1,1,185,185,185,185,1,1,1,185,185,185,185,1,1,1,0
185,185,185,185,1,1,1,185,185,185,185,1,1,1,185,185,185,185,1,1,1,185,185,185,185,1,1,1,185,185,185,185,1,1,1,185,185,185,185,1,1,1,185,185,185,185,1,1,1,0
185,185,185,185,1,1,1,185,185,185,185,1,1,1,185,185,185,185,1,1,1,185,185,185,185,1,1,1,185,185,185,185,1,1,1,185,185,185,185,1,1,1,185,185,185,185,1,1,1,0
185,185,185,185,1,1,1,185,185,185,185,1,1,1,185,185,185,185,1,1,1,185,185,185,185,1,1,1,185,185,185,185,1,1,1,185,185,185,185,1,1,1,185,185,185,185,1,1,1,0
204,204,204,204,204,204,204,204,204,204,204,204,204,204,204,204,204,204,204,204,204,204,204,204,204,204,204,204,204,204,204,204,204,204,204,204,204,204,204,204,204,204,204,204,204,204,204,204,204,0
204,204,204,204,204,204,204,204,204,204,204,204,204,204,204,204,204,204,204,204,204,204,204,204,204,204,204,204,204,204,204,204,204,204,204,204,204,204,204,204,204,204,204,204,204,204,204,204,204,0
204,204,204,204,204,204,204,204,204,204,204,204,204,204,204,204,204,204,204,204,204,204,204,204,204,204,204,204,204,204,204,204,204,204,204,204,204,204,204,204,204,204,204,204,204,204,204,204,204,0
204,204,204,204,204,204,204,204,204,204,204,204,204,204,204,204,204,204,204,204,204,204,204,204,204,204,204,204,204,204,204,204,204,204,204,204,204,204,204,204,204,204,204,204,204,204,204,204,204,0
204,204,204,204,204,204,204,204,204,204,204,204,204,204,204,204,204,204,204,204,204,204,204,204,204,204,204,204,204,204,204,204,204,204,204,204,204,204,204,204,204,204,204,204,204,204,204,204,204,0
204,204,204,204,204,204,204,204,204,204,204,204,204,204,204,204,204,204,204,204,204,204,204,204,204,204,204,204,204,204,204,204,204,204,204,204,204,204,204,204,204,204,204,204,204,204,204,204,204,0
204,204,204,204,204,204,204,204,204,204,204,204,204,204,204,204,204,204,204,204,204,204,204,204,204,204,204,204,204,204,204,204,204,204,204,204,204,204,204,204,204,204,204,204,204,204,204,204,204,0
204,204,204,204,204,204,204,204,204,204,204,204,204,204,204,204,204,204,204,204,204,204,204,204,204,204,204,204,204,204,204,204,204,204,204,204,204,204,204,204,204,204,204,204,204,204,204,204,204,0
204,204,204,204,204,204,204,204,204,204,204,204,204,204,204,204,204,204,204,204,204,204,204,204,204,204,204,204,204,204,204,204,204,204,204,204,204,204,204,204,204,204,204,204,204,204,204,204,204,0
204,204,204,204,204,204,204,204,204,204,204,204,204,204,204,204,204,204,204,204,204,204,204,204,204,204,204,204,204,204,204,204,204,204,204,204,204,204,204,204,204,204,204,204,204,204,204,204,204,0
255,255,255,43,43,43,43,255,255,255,43,43,43,43,255,255,255,43,43,43,43,255,255,255,43,43,43,43,255,255,255,43,43,43,43,255,255,255,43,43,43,43,255,255,255,43,43,43,43,0
255,255,255,43,43,43,43,255,255,255,43,43,43,43,255,255,255,43,43,43,43,255,255,255,43,43,43,43,255,255,255,43,43,43,43,255,255,255,43,43,43,43,255,255,255,43,43,43,43,0
255,255,255,43,43,43,43,255,255,255,43,43,43,43,255,255,255,43,43,43,43,255,255,255,43,43,43,43,255,255,255,43,43,43,43,255,255,255,43,43,43,43,255,255,255,43,43,43,43,0
255,255,255,43,43,43,43,255,255,255,43,43,43,43,255,255,255,43,43,43,43,255,255,255,43,43,43,43,255,255,255,43,43,43,43,255,255,255,43,43,43,43,255,255,255,43,43,43,43,0
255,255,255,43,43,43,43,255,255,255,43,43,43,43,255,255,255,43,43,43,43,255,255,255,43,43,43,43,255,255,255,43,43,43,43,255,255,255,43,43,43,43,255,255,255,43,43,43,43,0
255,255,255,43,43,43,43,255,255,255,43,43,43,43,255,255,255,43,43,43,43,255,255,255,43,43,43,43,255,255,255,43,43,43,43,255,255,255,43,43,43,43,255,255,255,43,43,43,43,0
255,255,255,43,43,43,43,255,255,255,43,43,43,43,255,255,255,43,43,43,43,255,255,255,43,43,43,43,255,255,255,43,43,43,43,255,255,255,43,43,43,43,255,255,255,43,43,43,43,0
255,255,255,43,43,43,43,255,255,255,43,43,43,43,255,255,255,43,43,43,43,255,255,255,43,43,43,43,255,255,255,43,43,43,43,255,255,255,43,43,43,43,255,255,255,43,43,43,43,0
255,255,255,43,43,43,43,255,255,255,43,43,43,43,255,255,255,43,43,43,43,255,255,255,43,43,43,43,255,255,255,43,43,43,43,255,255,255,43,43,43,43,255,255,255,43,43,43,43,0
255,255,255,43,43,43,43,255,255,255,43,43,43,43,255,255,255,43,43,43,43,255,255,255,43,43,43,43,255,255,255,43,43,43,43,255,255,255,43,43,43,43,255,255,255,43,43,43,43,0
255,255,255,43,43,43,43,255,255,255,43,43,43,43,255,255,255,43,43,43,43,255,255,255,43,43,43,43,255,255,255,43,43,43,43,255,255,255,43,43,43,43,255,255,255,43,43,43,43,0
255,255,255,43,43,43,43,255,255,255,43,43,43,43,255,255,255,43,43,43,43,255,255,255,43,43,43,43,255,255,255,43,43,43,43,255,255,255,43,43,43,43,255,255,255,43,43,43,43,0
255,255,255,43,43,43,43,255,255,255,43,43,43,43,255,255,255,43,43,43,43,255,255,255,43,43,43,43,255,255,255,43,43,43,43,255,255,255,43,43,43,43,255,255,255,43,43,43,43,0
255,255,255,43,43,43,43,255,255,255,43,43,43,43,255,255,255,43,43,43,43,255,255,255,43,43,43,43,255,255,255,43,43,43,43,255,255,255,43,43,43,43,255,255,255,43,43,43,43,0
255,255,255,43,43,43,43,255,255,255,43,43,43,43,255,255,255,43,43,43,43,255,255,255,43,43,43,43,255,255,255,43,43,43,43,255,255,255,43,43,43,43,255,255,255,43,43,43,43,0
255,255,255,43,43,43,43,255,255,255,43,43,43,43,255,255,255,43,43,43,43,255,255,255,43,43,43,43,255,255,255,43,43,43,43,255,255,255,43,43,43,43,255,255,255,43,43,43,43,0
255,255,255,43,43,43,43,255,255,255,43,43,43,43,255,255,255,43,43,43,43,255,255,255,43,43,43,43,255,255,255,43,43,43,43,255,255,255,43,43,43,43,255,255,255,43,43,43,43,0
255,255,255,43,43,43,43,255,255,255,43,43,43,43,255,255,255,43,43,43,43,255,255,255,43,43,43,43,255,255,255,43,43,43,43,255,255,255,43,43,43,43,255,255,255,43,43,43,43,0
255,255,255,43,43,43,43,255,255,255,43,43,43,43,255,255,255,43,43,43,43,255,255,255,43,43,43,43,255,255,255,43,43,43,43,255,255,255,43,43,43,43,255,255,255,43,43,43,43,0
255,255,255,43,43,43,43,255,255,255,43,43,43,43,255,255,255,43,43,43,43,255,255,255,43,43,43,43,255,255,255,43,43,43,43,255,255,255,43,43,43,43,255,255,255,43,43,43,43,0
255,255,255,43,43,43,43,255,255,255,43,43,43,43,255,255,255,43,43,43,43,255,255,255,43,43,43,43,255,255,255,43,43,43,43,255,255,255,43,43,43,43,255,255,255,43,43,43,43,0
255,255,255,43,43,43,43,255,255,255,43,43,43,43,255,255,255,43,43,43,43,255,255,255,43,43,43,43,255,255,255,43,43,43,43,255,255,255,43,43,43,43,255,255,255,43,43,43,43,0
255,255,255,43,43,43,43,255,255,255,43,43,43,43,255,255,255,43,43,43,43,255,255,255,43,43,43,43,255,255,255,43,43,43,43,255,255,255,43,43,43,43,255,255,255,43,43,43,43,0
255,255,255,43,43,43,43,255,255,255,43,43,43,43,255,255,255,43,43,43,43,255,255,255,43,43,43,43,255,255,255,43,43,43,43,255,255,255,43,43,43,43,255,255,255,43,43,43,43,0
255,255,255,43,43,43,43,255,255,255,43,43,43,43,255,255,255,43,43,43,43,255,255,255,43,43,43,43,255,255,255,43,43,43,43,255,255,255,43,43,43,43,255,255,255,43,43,43,43,0
255,255,255,43,43,43,43,255,255,255,43,43,43,43,255,255,255,43,43,43,43,255,255,255,43,43,43,43,255,255,255,43,43,43,43,255,255,255,43,43,43,43,255,255,255,43,43,43,43,0
255,255,255,43,43,43,43,255,255,255,43,43,43,43,255,255,255,43,43,43,43,255,255,255,43,43,43,43,255,255,255,43,43,43,43,255,255,255,43,43,43,43,255,255,255,43,43,43,43,0
255,255,255,43,43,43,43,255,255,255,43,43,43,43,255,255,255,43,43,43,43,255,255,255,43,43,43,43,255,255,255,43,43,43,43,255,255,255,43,43,43,43,255,255,255,43,43,43,43,0
255,255,255,43,43,43,43,255,255,255,43,43,43,43,255,255,255,43,43,43,43,255,255,255,43,43,43,43,255,255,255,43,43,43,43,255,255,255,43,43,43,43,255,255,255,255,255,255,255,0
255,255,255,2,1,1,1,255,255,255,2,1,1,1,255,255,255,2,1,1,1,255,255,255,2,1,1,1,255,255,255,2,1,1,1,255,255,255,2,1,1,1,255,255,255,2,1,1,1,0
255,255,255,2,1,1,1,255,255,255,2,1,1,1,255,255,255,2,1,1,1,255,255,255,2,1,1,1,255,255,255,2,1,1,1,255,255,255,2,1,1,1,255,255,255,2,1,1,1,0
255,255,255,2,1,1,1,255,255,255,2,1,1,1,255,255,255,2,1,1,1,255,255,255,2,1,1,1,255,255,255,2,1,1,1,255,255,255,2,1,1,1,255,255,255,2,1,1,1,0
255,255,255,2,1,1,1,255,255,255,2,1,1,1,255,255,255,2,1,1,1,255,255,255,2,1,1,1,255,255,255,2,1,1,1,255,255,255,2,1,1,1,255,255,255,2,1,1,1,0
255,255,255,2,1,1,1,255,255,255,2,1,1,1,255,255,255,2,1,1,1,255,255,255,2,1,1,1,255,255,255,2,1,1,1,255,255,255,2,1,1,1,255,255,255,2,1,1,1,0
255,255,255,2,1,1,1,255,255,255,2,1,1,1,255,255,255,2,1,1,1,255,255,255,2,1,1,1,255,255,255,2,1,1,1,255,255,255,2,1,1,1,255,255,255,2,1,1,1,0
255,255,255,2,1,1,1,255,255,255,2,1,1,1,255,255,255,2,1,1,1,255,255,255,2,1,1,1,255,255,255,2,1,1,1,255,255,255,2,1,1,1,255,255,255,2,1,1,1,0
255,255,255,2,1,1,1,255,255,255,2,1,1,1,255,255,255,2,1,1,1,255,255,255,2,1,1,1,255,255,255,2,1,1,1,255,255,255,2,1,1,1,255,255,255,2,1,1,1,0
255,255,255,2,1,1,1,255,255,255,2,1,1,1,255,255,255,2,1,1,1,255,255,255,2,1,1,1,255,255,255,2,1,1,1,255,255,255,2,1,1,1,255,255,255,2,1,1,1,0
255,255,255,2,1,1,1,255,255,255,2,1,1,1,255,255,255,2,1,1,1,255,255,255,2,1,1,1,255,255,255,2,1,1,1,255,255,255,2,1,1,1,255,255,255,2,1,1,1,0
255,255,255,2,1,1,1,255,255,255,2,1,1,1,255,255,255,2,1,1,1,255,255,255,2,1,1,1,255,255,255,2,1,1,1,255,255,255,2,1,1,1,255,255,255,2,1,1,1,0
255,255,255,2,1,1,1,255,255,255,2,1,1,1,255,255,255,2,1,1,1,255,255,255,2,1,1,1,255,255,255,2,1,1,1,255,255,255,2,1,1,1,255,255,255,2,1,1,1,0
255,255,255,2,1,1,1,255,255,255,2,1,1,1,255,255,255,2,1,1,1,255,255,255,2,1,1,1,255,255,255,2,1,1,1,255,255,255,2,1,1,1,255,255,255,2,1,1,1,0
255,255,255,2,1,1,1,255,255,255,2,1,1,1,255,255,255,2,1,1,1,255,255,255,2,1,1,1,255,255,255,2,1,1,1,255,255,255,2,1,1,1,255,255,255,2,1,1,1,0
255,255,255,2,1,1,1,255,255,255,2,1,1,1,255,255,255,2,1,1,1,255,255,255,2,1,1,1,255,255,255,2,1,1,1,255,255,255,2,1,1,1,255,255,255,2,1,1,1,0
255,255,255,2,1,1,1,255,255,255,2,1,1,1,255,255,255,2,1,1,1,255,255,255,2,1,1,1,255,255,255,2,1,1,1,255,255,255,2,1,1,1,255,255,255,2,1,1,1,0
255,255,255,2,1,1,1,255,255,255,2,1,1,1,255,255,255,2,1,1,1,255,255,255,2,1,1,1,255,255,255,2,1,1,1,255,255,255,2,1,1,1,255,255,255,2,1,1,1,0
255,255,255,2,1,1,1,255,255,255,2,1,1,1,255,255,255,2,1,1,1,255,255,255,2,1,1,1,255,255,255,2,1,1,1,255,255,255,2,1,1,1,255,255,255,2,1,1,1,0
255,255,255,2,1,1,1,255,255,255,2,1,1,1,255,255,255,2,1,1,1,255,255,255,2,1,1,1,255,255,255,2,1,1,1,255,255,255,2,1,1,1,255,255,255,2,1,1,1,0
255,255,255,2,1,1,1,255,255,255,2,1,1,1,255,255,255,2,1,1,1,255,255,255,2,1,1,1,255,255,255,2,1,1,1,255,255,255,2,1,1,1,255,255,255,2,1,1,1,0
255,255,255,2,1,1,1,255,255,255,2,1,1,1,255,255,255,2,1,1,1,255,255,255,2,1,1,1,255,255,255,2,1,1,1,255,255,255,2,1,1,1,255,255,255,2,1,1,1,0
255,255,255,2,1,1,1,255,255,255,2,1,1,1,255,255,255,2,1,1,1,255,255,255,2,1,1,1,255,255,255,2,1,1,1,255,255,255,2,1,1,1,255,255,255,3,3,3,3,0
255,255,255,2,1,1,1,255,255,255,2,1,1,1,255,255,255,2,1,1,1,255,255,255,2,1,1,1,255,255,255,2,1,1,1,255,255,255,3,3,3,3,255,255,255,43,43,43,43,0
255,255,255,2,1,1,1,255,255,255,2,1,1,1,255,255,255,2,1,1,1,255,255,255,2,1,1,1,255,255,255,3,3,3,3,255,255,255,43,43,43,43,255,255,255,43,43,43,43,0
255,255,255,2,1,1,1,255,255,255,2,1,1,1,255,255,255,3,3,3,3,255,255,255,43,43,43,43,255,255,255,43,43,43,43,255,255,255,43,43,43,43,255,255,255,43,43,43,43,0
255,255,255,2,1,1,1,255,255,255,3,3,3,3,255,255,255,43,43,43,43,255,255,255,43,43,43,43,255,255,255,43,43,43,43,255,255,255,43,43,43,43,255,255,255,43,43,43,43,0
255,255,255,3,3,3,3,255,255,255,43,43,43,43,255,255,255,43,43,43,43,255,255,255,43,43,43,43,255,255,255,43,43,43,43,255,255,255,43,43,43,43,255,255,255,43,43,43,43,0
255,255,255,43,43,43,43,255,255,255,43,43,43,43,255,255,255,43,43,43,43,255,255,255,43,43,43,43,255,255,255,43,43,43,43,255,255,255,43,43,43,43,255,255,255,43,43,43,43,0
255,255,255,43,43,43,43,255,255,255,43,43,43,43,255,255,255,43,43,43,43,255,255,255,43,43,43,43,255,255,255,43,43,43,43,255,255,255,43,43,43,43,255,255,255,43,43,43,43,0
255,255,255,43,43,43,43,255,255,255,43,43,43,43,255,255,255,43,43,43,43,255,255,255,43,43,43,43,255,255,255,43,43,43,43,255,255,255,43,43,43,43,255,255,255,43,43,43,43,0
255,255,255,43,43,43,43,255,255,255,43,43,43,43,255,255,255,43,43,43,43,255,255,255,43,43,43,43,255,255,255,43,43,43,43,255,255,255,43,43,43,43,255,255,255,43,43,43,43,0
255,255,255,43,43,43,43,255,255,255,43,43,43,43,255,255,255,43,43,43,43,255,255,255,43,43,43,43,255,255,255,43,43,43,43,255,255,255,43,43,43,43,255,255,255,43,43,43,43,0
255,255,255,43,43,43,43,255,255,255,43,43,43,43,255,255,255,43,43,43,43,255,255,255,43,43,43,43,255,255,255,43,43,43,43,255,255,255,43,43,43,43,255,255,255,43,43,43,43,0
255,255,255,43,43,43,43,255,255,255,43,43,43,43,255,255,255,43,43,43,43,255,255,255,43,43,43,43,255,255,255,43,43,43,43,255,255,255,43,43,43,43,255,255,255,43,43,43,43,0
255,255,255,43,43,43,43,255,255,255,43,43,43,43,255,255,255,43,43,43,43,255,255,255,43,43,43,43,255,255,255,43,43,43,43,255,255,255,43,43,43,43,255,255,255,43,43,43,43,0
255,255,255,43,43,43,43,255,255,255,43,43,43,43,255,255,255,43,43,43,43,255,255,255,43,43,43,43,255,255,255,43,43,43,43,255,255,255,43,43,43,43,255,255,255,43,43,43,43,0
255,255,255,43,43,43,43,255,255,255,43,43,43,43,255,255,255,43,43,43,43,255,255,255,43,43,43,43,255,255,255,43,43,43,43,255,255,255,43,43,43,43,255,255,255,43,43,43,43,0
255,255,255,43,43,43,43,255,255,255,43,43,43,43,255,255,255,43,43,43,43,255,255,255,43,43,43,43,255,255,255,43,43,43,43,255,255,255,43,43,43,43,255,255,255,43,43,43,43,0
255,255,255,43,43,43,43,255,255,255,43,43,43,43,255,255,255,43,43,43,43,255,255,255,43,43,43,43,255,255,255,43,43,43,43,255,255,255,43,43,43,43,255,255,255,43,43,43,43,0
255,255,255,43,43,43,43,255,255,255,43,43,43,43,255,255,255,43,43,43,43,255,255,255,43,43,43,43,255,255,255,43,43,43,43,255,255,255,43,43,43,43,255,255,255,43,43,43,43,0
255,255,255,43,43,43,43,255,255,255,43,43,43,43,255,255,255,43,43,43,43,255,255,255,43,43,43,43,255,255,255,43,43,43,43,255,255,255,43,43,43,43,255,255,255,43,43,43,43,0
255,255,255,43,43,43,43,255,255,255,43,43,43,43,255,255,255,43,43,43,43,255,255,255,43,43,43,43,255,255,255,43,43,43,43,255,255,255,43,43,43,43,255,255,255,43,43,43,43,0
255,255,255,43,43,43,43,255,255,255,43,43,43,43,255,255,255,43,43,43,43,255,255,255,43,43,43,43,255,255,255,43,43,43,43,255,255,255,43,43,43,43,255,255,255,43,43,43,43,0
1,0,1,3,43,43,43,1,1,0,3,43,43,43,3,3,3,0,43,43,43,43,43,43,43,0,2,2,43,43,43,43,2,0,1,43,43,43,43,2,1,0,43,43,43,43,2,1,1,0
1,1,0,3,43,43,43,3,3,3,0,43,43,43,43,43,43,43,0,2,2,43,43,43,43,2,0,1,43,43,43,43,2,1,0,43,43,43,43,2,1,1,43,43,43,43,2,1,1,0
3,3,3,0,43,43,43,43,43,43,43,0,2,2,43,43,43,43,2,0,1,43,43,43,43,2,1,0,43,43,43,43,2,1,1,43,43,43,43,2,1,1,43,43,43,43,2,1,1,0
43,43,43,43,0,2,2,43,43,43,43,2,0,1,43,43,43,43,2,1,0,43,43,43,43,2,1,1,43,43,43,43,2,1,1,43,43,43,43,2,1,1,43,43,43,43,2,1,1,0
43,43,43,43,2,0,1,43,43,43,43,2,1,0,43,43,43,43,2,1,1,43,43,43,43,2,1,1,43,43,43,43,2,1,1,43,43,43,43,2,1,1,43,43,43,43,2,1,1,0
43,43,43,43,2,1,0,43,43,43,43,2,1,1,43,43,43,43,2,1,1,43,43,43,43,2,1,1,43,43,43,43,2,1,1,43,43,43,43,2,1,1,43,43,43,43,2,1,1,0
43,43,43,43,2,1,1,43,43,43,43,2,1,1,43,43,43,43,2,1,1,43,43,43,43,2,1,1,43,43,43,43,2,1,1,43,43,43,43,2,1,1,43,43,43,43,2,1,1,0
43,43,43,43,2,1,1,43,43,43,43,2,1,1,43,43,43,43,2,1,1,43,43,43,43,2,1,1,43,43,43,43,2,1,1,43,43,43,43,2,1,1,43,43,43,43,2,1,1,0
43,43,43,43,2,1,1,43,43,43,43,2,1,1,43,43,43,43,2,1,1,43,43,43,43,2,1,1,43,43,43,43,2,1,1,43,43,43,43,2,1,1,43,43,43,43,2,1,1,0
43,43,43,43,2,1,1,43,43,43,43,2,1,1,43,43,43,43,2,1,1,43,43,43,43,2,1,1,43,43,43,43,2,1,1,43,43,43,43,2,1,1,43,43,43,43,2,1,1,0
43,43,43,43,2,1,1,43,43,43,43,2,1,1,43,43,43,43,2,1,1,43,43,43,43,2,1,1,43,43,43,43,2,1,1,43,43,43,43,2,1,1,43,43,43,43,2,1,1,0
43,43,43,43,2,1,1,43,43,43,43,2,1,1,43,43,43,43,2,1,1,43,43,43,43,2,1,1,43,43,43,43,2,1,1,43,43,43,43,2,1,1,43,43,43,43,2,1,1,0
43,43,43,43,2,1,1,43,43,43,43,2,1,1,43,43,43,43,2,1,1,43,43,43,43,2,1,1,43,43,43,43,2,1,1,43,43,43,43,2,1,1,43,43,43,43,2,1,1,0
43,43,43,43,2,1,1,43,43,43,43,2,1,1,43,43,43,43,2,1,1,43,43,43,43,2,1,1,43,43,43,43,2,1,1,43,43,43,43,2,1,1,43,43,43,43,2,1,1,0
43,43,43,43,2,1,1,43,43,43,43,2,1,1,43,43,43,43,2,1,1,43,43,43,43,2,1,1,43,43,43,43,2,1,1,43,43,43,43,2,1,1,43,43,43,43,2,1,1,0
43,43,43,43,18,18,18,43,43,43,43,18,18,18,43,43,43,43,18,18,18,43,43,43,43,18,18,18,43,43,43,43,18,18,18,43,43,43,43,18,18,18,43,43,43,43,18,18,18,0
43,43,43,43,18,18,18,43,43,43,43,18,18,18,43,43,43,43,18,18,18,43,43,43,43,18,18,18,43,43,43,43,18,18,18,43,43,43,43,18,18,18,43,43,43,43,18,18,18,0
43,43,43,43,18,18,18,43,43,43,43,18,18,18,43,43,43,43,18,18,18,43,43,43,43,18,18,18,43,43,43,43,18,18,18,43,43,43,43,18,18,18,43,43,43,43,18,18,18,0
43,43,43,43,18,18,18,43,43,43,43,18,18,18,43,43,43,43,18,18,18,43,43,43,43,18,18,18,43,43,43,43,18,18,18,43,43,43,43,18,18,18,43,43,43,43,18,18,18,0
43,43,43,43,18,18,18,43,43,43,43,18,18,18,43,43,43,43,18,18,18,43,43,43,43,18,18,18,43,43,43,43,18,18,18,43,43,43,43,18,18,18,43,43,43,43,18,18,18,0
43,43,43,43,18,18,18,43,43,43,43,18,18,18,43,43,43,43,18,18,18,43,43,43,43,18,18,18,43,43,43,43,18,18,18,43,43,43,43,18,18,18,43,43,43,43,18,18,18,0
43,43,43,43,18,18,18,43,43,43,43,18,18,18,43,43,43,43,18,18,18,43,43,43,43,18,18,18,43,43,43,43,18,18,18,43,43,43,43,18,18,18,43,43,43,43,18,18,18,0
43,43,43,43,18,18,18,43,43,43,43,18,18,18,43,43,43,43,18,18,18,43,43,43,43,18,18,18,43,43,43,43,18,18,18,43,43,43,43,18,18,18,43,43,43,43,18,18,18,0
43,43,43,43,18,18,18,43,43,43,43,18,18,18,43,43,43,43,18,18,18,43,43,43,43,18,18,18,43,43,43,43,18,18,18,43,43,43,43,18,18,18,43,43,43,43,18,18,18,0
43,43,43,43,18,18,18,43,43,43,43,18,18,18,43,43,43,43,18,18,18,43,43,43,43,18,18,18,43,43,43,43,18,18,18,43,43,43,43,18,18,18,43,43,43,43,18,18,18,0
43,43,43,43,18,18,18,43,43,43,43,18,18,18,43,43,43,43,18,18,18,43,43,43,43,18,18,18,43,43,43,43,18,18,18,43,43,43,43,18,18,18,43,43,43,43,18,18,18,0
43,43,43,43,18,18,18,43,43,43,43,18,18,18,43,43,43,43,18,18,18,43,43,43,43,18,18,18,43,43,43,43,18,18,18,43,43,43,43,18,18,18,43,43,43,43,18,18,18,0
43,43,43,43,18,18,18,43,43,43,43,18,18,18,43,43,43,43,18,18,18,43,43,43,43,18,18,18,43,43,43,43,18,18,18,43,43,43,43,18,18,18,43,43,43,43,18,18,18,0
43,43,43,43,18,18,18,43,43,43,43,18,18,18,43,43,43,43,18,18,18,43,43,43,43,18,18,18,43,43,43,43,18,18,18,43,43,43,43,18,18,18,43,43,43,43,18,18,18,0
43,43,43,43,18,18,18,43,43,43,43,18,18,18,43,43,43,43,18,18,18,43,43,43,43,18,18,18,43,43,43,43,18,18,18,43,43,43,43,18,18,18,43,43,43,43,18,18,18,0
43,43,43,43,18,18,18,43,43,43,43,18,18,18,43,43,43,43,18,18,18,43,43,43,43,18,18,18,43,43,43,43,18,18,18,43,43,43,43,18,18,18,43,43,43,43,18,18,18,0
43,43,43,43,18,18,18,43,43,43,43,18,18,18,43,43,43,43,18,18,18,43,43,43,43,18,18,18,43,43,43,43,18,18,18,43,43,43,43,18,18,18,43,43,43,43,18,18,18,0
43,43,43,43,18,18,18,43,43,43,43,18,18,18,43,43,43,43,18,18,18,43,43,43,43,18,18,18,43,43,43,43,18,18,18,43,43,43,43,18,18,18,43,43,43,43,18,18,18,0
43,43,43,43,18,18,18,43,43,43,43,18,18,18,43,43,43,43,18,18,18,255,255,255,255,255,255,255,255,255,255,255,255,255,255,255,255,255,255,255,255,255,255,255,255,255,255,255,255,0
43,43,43,43,18,18,18,43,43,43,43,18,18,18,255,255,255,255,255,255,255,255,255,255,255,255,255,255,255,255,255,255,255,255,255,255,255,255,255,255,255,255,255,255,255,255,255,255,255,0
43,43,43,43,18,18,18,255,255,255,255,255,255,255,255,255,255,255,255,255,255,255,255,255,255,255,255,255,255,255,255,255,255,255,255,255,255,255,255,255,255,255,255,255,255,255,255,255,255,0
255,255,255,255,255,255,255,255,255,255,255,255,255,255,255,255,255,255,255,255,255,255,255,255,255,255,255,255,255,255,255,255,255,255,255,255,255,255,255,255,255,255,255,255,255,255,255,255,255,0
