0,4280.1,13465,13465,1.969e+05,1.969e+05,1.969e+05,1.969e+05,1.969e+05,1.969e+05,1.969e+05,1.969e+05,1.969e+05,1.969e+05,1.969e+05,1.969e+05,1.969e+05,1.969e+05,1.969e+05,1.969e+05,1.969e+05,1.969e+05,1.969e+05,1.969e+05,1.969e+05,1.969e+05,1.969e+05,1.969e+05,1.969e+05,1.969e+05,1.969e+05,1.969e+05,1.969e+05,1.969e+05,1.969e+05,1.969e+05,1.969e+05,1.969e+05,1.969e+05,1.969e+05,1.969e+05,1.969e+05,1.969e+05,1.969e+05,1.969e+05,1.969e+05,1.969e+05,1.969e+05,1.969e+05,1.969e+05,1.969e+05,1.969e+05,1.969e+05,1.969e+05,1.969e+05,1.969e+05,1.969e+05,1.969e+05,1.969e+05,1.969e+05,1.969e+05,1.969e+05,1.969e+05,1.969e+05,1.969e+05,1.969e+05,1.969e+05,1.969e+05,1.969e+05,1.969e+05,1.969e+05,1.969e+05,1.969e+05,1.969e+05,1.969e+05,1.969e+05,1.969e+05,1.969e+05,1.969e+05,1.969e+05,1.969e+05,1.969e+05,1.969e+05,1.969e+05,1.969e+05,1.969e+05,1.969e+05,1.969e+05,1.969e+05,1.969e+05,1.969e+05,1.969e+05,1.969e+05,1.969e+05,1.969e+05,1.969e+05,1.969e+05,1.969e+05,1.969e+05,1.969e+05,1.969e+05,1.969e+05,1.969e+05,1.969e+05,1.969e+05,1.969e+05,1.969e+05,1.969e+05,1.969e+05,1.969e+05,1.969e+05,1.969e+05,1.969e+05,1.969e+05,1.969e+05,1.969e+05
4280.1,0,13465,13465,1.969e+05,1.969e+05,1.969e+05,1.969e+05,1.969e+05,1.969e+05,1.969e+05,1.969e+05,1.969e+05,1.969e+05,1.969e+05,1.969e+05,1.969e+05,1.969e+05,1.969e+05,1.969e+05,1.969e+05,1.969e+05,1.969e+05,1.969e+05,1.969e+05,1.969e+05,1.969e+05,1.969e+05,1.969e+05,1.969e+05,1.969e+05,1.969e+05,1.969e+05,1.969e+05,1.969e+05,1.969e+05,1.969e+05,1.969e+05,1.969e+05,1.969e+05,1.969e+05,1.969e+05,1.969e+05,1.969e+05,1.969e+05,1.969e+05,1.969e+05,1.969e+05,1.969e+05,1.969e+05,1.969e+05,1.969e+05,1.969e+05,1.969e+05,1.969e+05,1.969e+05,1.969e+05,1.969e+05,1.969e+05,1.969e+05,1.969e+05,1.969e+05,1.969e+05,1.969e+05,1.969e+05,1.969e+05,1.969e+05,1.969e+05,1.969e+05,1.969e+05,1.969e+05,1.969e+05,1.969e+05,1.969e+05,1.969e+05,1.969e+05,1.969e+05,1.969e+05,1.969e+05,1.969e+05,1.969e+05,1.969e+05,1.969e+05,1.969e+05,1.969e+05,1.969e+05,1.969e+05,1.969e+05,1.969e+05,1.969e+05,1.969e+05,1.969e+05,1.969e+05,1.969e+05,1.969e+05,1.969e+05,1.969e+05,1.969e+05,1.969e+05,1.969e+05,1.969e+05,1.969e+05,1.969e+05,1.969e+05,1.969e+05,1.969e+05,1.969e+05,1.969e+05,1.969e+05,1.969e+05,1.969e+05,1.969e+05,1.969e+05,1.969e+05,1.969e+05,1.969e+05
13465,13465,0,609.82,1.969e+05,1.969e+05,1.969e+05,1.969e+05,1.969e+05,1.969e+05,1.969e+05,1.969e+05,1.969e+05,1.969e+05,1.969e+05,1.969e+05,1.969e+05,1.969e+05,1.969e+05,1.969e+05,1.969e+05,1.969e+05,1.969e+05,1.969e+05,1.969e+05,1.969e+05,1.969e+05,1.969e+05,1.969e+05,1.969e+05,1.969e+05,1.969e+05,1.969e+05,1.969e+05,1.969e+05,1.969e+05,1.969e+05,1.969e+05,1.969e+05,1.969e+05,1.969e+05,1.969e+05,1.969e+05,1.969e+05,1.969e+05,1.969e+05,1.969e+05,1.969e+05,1.969e+05,1.969e+05,1.969e+05,1.969e+05,1.969e+05,1.969e+05,1.969e+05,1.969e+05,1.969e+05,1.969e+05,1.969e+05,1.969e+05,1.969e+05,1.969e+05,1.969e+05,1.969e+05,1.969e+05,1.969e+05,1.969e+05,1.969e+05,1.969e+05,1.969e+05,1.969e+05,1.969e+05,1.969e+05,1.969e+05,1.969e+05,1.969e+05,1.969e+05,1.969e+05,1.969e+05,1.969e+05,1.969e+05,1.969e+05,1.969e+05,1.969e+05,1.969e+05,1.969e+05,1.969e+05,1.969e+05,1.969e+05,1.969e+05,1.969e+05,1.969e+05,1.969e+05,1.969e+05,1.969e+05,1.969e+05,1.969e+05,1.969e+05,1.969e+05,1.969e+05,1.969e+05,1.969e+05,1.969e+05,1.969e+05,1.969e+05,1.969e+05,1.969e+05,1.969e+05,1.969e+05,1.969e+05,1.969e+05,1.969e+05,1.969e+05,1.969e+05,1.969e+05,1.969e+05
13465,13465,609.82,0,1.969e+05,1.969e+05,1.969e+05,1.969e+05,1.969e+05,1.969e+05,1.969e+05,1.969e+05,1.969e+05,1.969e+05,1.969e+05,1.969e+05,1.969e+05,1.969e+05,1.969e+05,1.969e+05,1.969e+05,1.969e+05,1.969e+05,1.969e+05,1.969e+05,1.969e+05,1.969e+05,1.969e+05,1.969e+05,1.969e+05,1.969e+05,1.969e+05,1.969e+05,1.969e+05,1.969e+05,1.969e+05,1.969e+05,1.969e+05,1.969e+05,1.969e+05,1.969e+05,1.969e+05,1.969e+05,1.969e+05,1.969e+05,1.969e+05,1.969e+05,1.969e+05,1.969e+05,1.969e+05,1.969e+05,1.969e+05,1.969e+05,1.969e+05,1.969e+05,1.969e+05,1.969e+05,1.969e+05,1.969e+05,1.969e+05,1.969e+05,1.969e+05,1.969e+05,1.969e+05,1.969e+05,1.969e+05,1.969e+05,1.969e+05,1.969e+05,1.969e+05,1.969e+05,1.969e+05,1.969e+05,1.969e+05,1.969e+05,1.969e+05,1.969e+05,1.969e+05,1.969e+05,1.969e+05,1.969e+05,1.969e+05,1.969e+05,1.969e+05,1.969e+05,1.969e+05,1.969e+05,1.969e+05,1.969e+05,1.969e+05,1.969e+05,1.969e+05,1.969e+05,1.969e+05,1.969e+05,1.969e+05,1.969e+05,1.969e+05,1.969e+05,1.969e+05,1.969e+05,1.969e+05,1.969e+05,1.969e+05,1.969e+05,1.969e+05,1.969e+05,1.969e+05,1.969e+05,1.969e+05,1.969e+05,1.969e+05,1.969e+05,1.969e+05,1.969e+05,1.969e+05
1.969e+05,1.969e+05,1.969e+05,1.969e+05,0,2302.6,17290,17290,17290,17290,17290,17290,17290,17290,17290,17290,17290,17290,17290,17290,17290,17290,17290,17290,17290,17290,17290,17290,17290,17290,17290,17290,17290,17290,17290,17290,17290,17290,17290,17290,17290,17290,17290,17290,17290,17290,17290,17290,17290,17290,17290,17290,17290,17290,17290,17290,17290,17290,17290,17290,17290,17290,17290,17290,17290,17290,17290,17290,17290,17290,17290,17290,17290,17290,17290,17290,17290,17290,17290,17290,17290,17290,17290,17290,17290,17290,17290,17290,17290,17290,17290,17290,17290,17290,17290,17290,17290,17290,17290,17290,17290,17290,17290,17290,17290,17290,17290,17290,17290,17290,17290,17290,17290,17290,17290,17290
1.969e+05,1.969e+05,1.969e+05,1.969e+05,2302.6,0,17290,17290,17290,17290,17290,17290,17290,17290,17290,17290,17290,17290,17290,17290,17290,17290,17290,17290,17290,17290,17290,17290,17290,17290,17290,17290,17290,17290,17290,17290,17290,17290,17290,17290,17290,17290,17290,17290,17290,17290,17290,17290,17290,17290,17290,17290,17290,17290,17290,17290,17290,17290,17290,17290,17290,17290,17290,17290,17290,17290,17290,17290,17290,17290,17290,17290,17290,17290,17290,17290,17290,17290,17290,17290,17290,17290,17290,17290,17290,17290,17290,17290,17290,17290,17290,17290,17290,17290,17290,17290,17290,17290,17290,17290,17290,17290,17290,17290,17290,17290,17290,17290,17290,17290,17290,17290,17290,17290,17290,17290
1.969e+05,1.969e+05,1.969e+05,1.969e+05,17290,17290,0,6370.2,6370.2,6370.2,6370.2,6370.2,6370.2,6370.2,6370.2,6370.2,8039.4,8039.4,8039.4,8039.4,8039.4,8039.4,8039.4,8039.4,8039.4,8039.4,8039.4,8039.4,8039.4,8039.4,8039.4,8039.4,8039.4,8039.4,8039.4,8039.4,8039.4,8039.4,8039.4,8039.4,8039.4,8039.4,8039.4,8039.4,8039.4,8039.4,8039.4,8039.4,8039.4,8039.4,8039.4,8039.4,8039.4,8039.4,8039.4,8039.4,8039.4,8039.4,8039.4,8039.4,8039.4,8039.4,8039.4,8039.4,8039.4,8039.4,8039.4,8039.4,8039.4,8039.4,8039.4,8039.4,8039.4,8039.4,8039.4,8039.4,8039.4,8039.4,8039.4,8039.4,8039.4,8039.4,8039.4,8039.4,8039.4,8039.4,8039.4,8039.4,8039.4,8039.4,8039.4,8039.4,8039.4,8039.4,8039.4,8039.4,8039.4,8039.4,8039.4,8039.4,8039.4,8039.4,8039.4,8039.4,8039.4,8039.4,8039.4,8039.4,8039.4,8039.4,8039.4,8039.4,8039.4,8039.4,8039.4,16157
1.969e+05,1.969e+05,1.969e+05,1.969e+05,17290,17290,6370.2,0,5595.3,5595.3,5595.3,5595.3,5595.3,5595.3,5595.3,5595.3,8039.4,8039.4,8039.4,8039.4,8039.4,8039.4,8039.4,8039.4,8039.4,8039.4,8039.4,8039.4,8039.4,8039.4,8039.4,8039.4,8039.4,8039.4,8039.4,8039.4,8039.4,8039.4,8039.4,8039.4,8039.4,8039.4,8039.4,8039.4,8039.4,8039.4,8039.4,8039.4,8039.4,8039.4,8039.4,8039.4,8039.4,8039.4,8039.4,8039.4,8039.4,8039.4,8039.4,8039.4,8039.4,8039.4,8039.4,8039.4,8039.4,8039.4,8039.4,8039.4,8039.4,8039.4,8039.4,8039.4,8039.4,8039.4,8039.4,8039.4,8039.4,8039.4,8039.4,8039.4,8039.4,8039.4,8039.4,8039.4,8039.4,8039.4,8039.4,8039.4,8039.4,8039.4,8039.4,8039.4,8039.4,8039.4,8039.4,8039.4,8039.4,8039.4,8039.4,8039.4,8039.4,8039.4,8039.4,8039.4,8039.4,8039.4,8039.4,8039.4,8039.4,8039.4,8039.4,8039.4,8039.4,8039.4,8039.4,16157
1.969e+05,1.969e+05,1.969e+05,1.969e+05,17290,17290,6370.2,5595.3,0,3017.6,3017.6,3017.6,3017.6,3017.6,3017.6,3303.9,8039.4,8039.4,8039.4,8039.4,8039.4,8039.4,8039.4,8039.4,8039.4,8039.4,8039.4,8039.4,8039.4,8039.4,8039.4,8039.4,8039.4,8039.4,8039.4,8039.4,8039.4,8039.4,8039.4,8039.4,8039.4,8039.4,8039.4,8039.4,8039.4,8039.4,8039.4,8039.4,8039.4,8039.4,8039.4,8039.4,8039.4,8039.4,8039.4,8039.4,8039.4,8039.4,8039.4,8039.4,8039.4,8039.4,8039.4,8039.4,8039.4,8039.4,8039.4,8039.4,8039.4,8039.4,8039.4,8039.4,8039.4,8039.4,8039.4,8039.4,8039.4,8039.4,8039.4,8039.4,8039.4,8039.4,8039.4,8039.4,8039.4,8039.4,8039.4,8039.4,8039.4,8039.4,8039.4,8039.4,8039.4,8039.4,8039.4,8039.4,8039.4,8039.4,8039.4,8039.4,8039.4,8039.4,8039.4,8039.4,8039.4,8039.4,8039.4,8039.4,8039.4,8039.4,8039.4,8039.4,8039.4,8039.4,8039.4,16157
1.969e+05,1.969e+05,1.969e+05,1.969e+05,17290,17290,6370.2,5595.3,3017.6,0,2876.8,2876.8,2876.8,2876.8,2876.8,3303.9,8039.4,8039.4,8039.4,8039.4,8039.4,8039.4,8039.4,8039.4,8039.4,8039.4,8039.4,8039.4,8039.4,8039.4,8039.4,8039.4,8039.4,8039.4,8039.4,8039.4,8039.4,8039.4,8039.4,8039.4,8039.4,8039.4,8039.4,8039.4,8039.4,8039.4,8039.4,8039.4,8039.4,8039.4,8039.4,8039.4,8039.4,8039.4,8039.4,8039.4,8039.4,8039.4,8039.4,8039.4,8039.4,8039.4,8039.4,8039.4,8039.4,8039.4,8039.4,8039.4,8039.4,8039.4,8039.4,8039.4,8039.4,8039.4,8039.4,8039.4,8039.4,8039.4,8039.4,8039.4,8039.4,8039.4,8039.4,8039.4,8039.4,8039.4,8039.4,8039.4,8039.4,8039.4,8039.4,8039.4,8039.4,8039.4,8039.4,8039.4,8039.4,8039.4,8039.4,8039.4,8039.4,8039.4,8039.4,8039.4,8039.4,8039.4,8039.4,8039.4,8039.4,8039.4,8039.4,8039.4,8039.4,8039.4,8039.4,16157
1.969e+05,1.969e+05,1.969e+05,1.969e+05,17290,17290,6370.2,5595.3,3017.6,2876.8,0,943.81,1972.2,1972.2,1972.2,3303.9,8039.4,8039.4,8039.4,8039.4,8039.4,8039.4,8039.4,8039.4,8039.4,8039.4,8039.4,8039.4,8039.4,8039.4,8039.4,8039.4,8039.4,8039.4,8039.4,8039.4,8039.4,8039.4,8039.4,8039.4,8039.4,8039.4,8039.4,8039.4,8039.4,8039.4,8039.4,8039.4,8039.4,8039.4,8039.4,8039.4,8039.4,8039.4,8039.4,8039.4,8039.4,8039.4,8039.4,8039.4,8039.4,8039.4,8039.4,8039.4,8039.4,8039.4,8039.4,8039.4,8039.4,8039.4,8039.4,8039.4,8039.4,8039.4,8039.4,8039.4,8039.4,8039.4,8039.4,8039.4,8039.4,8039.4,8039.4,8039.4,8039.4,8039.4,8039.4,8039.4,8039.4,8039.4,8039.4,8039.4,8039.4,8039.4,8039.4,8039.4,8039.4,8039.4,8039.4,8039.4,8039.4,8039.4,8039.4,8039.4,8039.4,8039.4,8039.4,8039.4,8039.4,8039.4,8039.4,8039.4,8039.4,8039.4,8039.4,16157
1.969e+05,1.969e+05,1.969e+05,1.969e+05,17290,17290,6370.2,5595.3,3017.6,2876.8,943.81,0,1972.2,1972.2,1972.2,3303.9,8039.4,8039.4,8039.4,8039.4,8039.4,8039.4,8039.4,8039.4,8039.4,8039.4,8039.4,8039.4,8039.4,8039.4,8039.4,8039.4,8039.4,8039.4,8039.4,8039.4,8039.4,8039.4,8039.4,8039.4,8039.4,8039.4,8039.4,8039.4,8039.4,8039.4,8039.4,8039.4,8039.4,8039.4,8039.4,8039.4,8039.4,8039.4,8039.4,8039.4,8039.4,8039.4,8039.4,8039.4,8039.4,8039.4,8039.4,8039.4,8039.4,8039.4,8039.4,8039.4,8039.4,8039.4,8039.4,8039.4,8039.4,8039.4,8039.4,8039.4,8039.4,8039.4,8039.4,8039.4,8039.4,8039.4,8039.4,8039.4,8039.4,8039.4,8039.4,8039.4,8039.4,8039.4,8039.4,8039.4,8039.4,8039.4,8039.4,8039.4,8039.4,8039.4,8039.4,8039.4,8039.4,8039.4,8039.4,8039.4,8039.4,8039.4,8039.4,8039.4,8039.4,8039.4,8039.4,8039.4,8039.4,8039.4,8039.4,16157
1.969e+05,1.969e+05,1.969e+05,1.969e+05,17290,17290,6370.2,5595.3,3017.6,2876.8,1972.2,1972.2,0,1451.2,1768.5,3303.9,8039.4,8039.4,8039.4,8039.4,8039.4,8039.4,8039.4,8039.4,8039.4,8039.4,8039.4,8039.4,8039.4,8039.4,8039.4,8039.4,8039.4,8039.4,8039.4,8039.4,8039.4,8039.4,8039.4,8039.4,8039.4,8039.4,8039.4,8039.4,8039.4,8039.4,8039.4,8039.4,8039.4,8039.4,8039.4,8039.4,8039.4,8039.4,8039.4,8039.4,8039.4,8039.4,8039.4,8039.4,8039.4,8039.4,8039.4,8039.4,8039.4,8039.4,8039.4,8039.4,8039.4,8039.4,8039.4,8039.4,8039.4,8039.4,8039.4,8039.4,8039.4,8039.4,8039.4,8039.4,8039.4,8039.4,8039.4,8039.4,8039.4,8039.4,8039.4,8039.4,8039.4,8039.4,8039.4,8039.4,8039.4,8039.4,8039.4,8039.4,8039.4,8039.4,8039.4,8039.4,8039.4,8039.4,8039.4,8039.4,8039.4,8039.4,8039.4,8039.4,8039.4,8039.4,8039.4,8039.4,8039.4,8039.4,8039.4,16157
1.969e+05,1.969e+05,1.969e+05,1.969e+05,17290,17290,6370.2,5595.3,3017.6,2876.8,1972.2,1972.2,1451.2,0,1768.5,3303.9,8039.4,8039.4,8039.4,8039.4,8039.4,8039.4,8039.4,8039.4,8039.4,8039.4,8039.4,8039.4,8039.4,8039.4,8039.4,8039.4,8039.4,8039.4,8039.4,8039.4,8039.4,8039.4,8039.4,8039.4,8039.4,8039.4,8039.4,8039.4,8039.4,8039.4,8039.4,8039.4,8039.4,8039.4,8039.4,8039.4,8039.4,8039.4,8039.4,8039.4,8039.4,8039.4,8039.4,8039.4,8039.4,8039.4,8039.4,8039.4,8039.4,8039.4,8039.4,8039.4,8039.4,8039.4,8039.4,8039.4,8039.4,8039.4,8039.4,8039.4,8039.4,8039.4,8039.4,8039.4,8039.4,8039.4,8039.4,8039.4,8039.4,8039.4,8039.4,8039.4,8039.4,8039.4,8039.4,8039.4,8039.4,8039.4,8039.4,8039.4,8039.4,8039.4,8039.4,8039.4,8039.4,8039.4,8039.4,8039.4,8039.4,8039.4,8039.4,8039.4,8039.4,8039.4,8039.4,8039.4,8039.4,8039.4,8039.4,16157
1.969e+05,1.969e+05,1.969e+05,1.969e+05,17290,17290,6370.2,5595.3,3017.6,2876.8,1972.2,1972.2,1768.5,1768.5,0,3303.9,8039.4,8039.4,8039.4,8039.4,8039.4,8039.4,8039.4,8039.4,8039.4,8039.4,8039.4,8039.4,8039.4,8039.4,8039.4,8039.4,8039.4,8039.4,8039.4,8039.4,8039.4,8039.4,8039.4,8039.4,8039.4,8039.4,8039.4,8039.4,8039.4,8039.4,8039.4,8039.4,8039.4,8039.4,8039.4,8039.4,8039.4,8039.4,8039.4,8039.4,8039.4,8039.4,8039.4,8039.4,8039.4,8039.4,8039.4,8039.4,8039.4,8039.4,8039.4,8039.4,8039.4,8039.4,8039.4,8039.4,8039.4,8039.4,8039.4,8039.4,8039.4,8039.4,8039.4,8039.4,8039.4,8039.4,8039.4,8039.4,8039.4,8039.4,8039.4,8039.4,8039.4,8039.4,8039.4,8039.4,8039.4,8039.4,8039.4,8039.4,8039.4,8039.4,8039.4,8039.4,8039.4,8039.4,8039.4,8039.4,8039.4,8039.4,8039.4,8039.4,8039.4,8039.4,8039.4,8039.4,8039.4,8039.4,8039.4,16157
1.969e+05,1.969e+05,1.969e+05,1.969e+05,17290,17290,6370.2,5595.3,3303.9,3303.9,3303.9,3303.9,3303.9,3303.9,3303.9,0,8039.4,8039.4,8039.4,8039.4,8039.4,8039.4,8039.4,8039.4,8039.4,8039.4,8039.4,8039.4,8039.4,8039.4,8039.4,8039.4,8039.4,8039.4,8039.4,8039.4,8039.4,8039.4,8039.4,8039.4,8039.4,8039.4,8039.4,8039.4,8039.4,8039.4,8039.4,8039.4,8039.4,8039.4,8039.4,8039.4,8039.4,8039.4,8039.4,8039.4,8039.4,8039.4,8039.4,8039.4,8039.4,8039.4,8039.4,8039.4,8039.4,8039.4,8039.4,8039.4,8039.4,8039.4,8039.4,8039.4,8039.4,8039.4,8039.4,8039.4,8039.4,8039.4,8039.4,8039.4,8039.4,8039.4,8039.4,8039.4,8039.4,8039.4,8039.4,8039.4,8039.4,8039.4,8039.4,8039.4,8039.4,8039.4,8039.4,8039.4,8039.4,8039.4,8039.4,8039.4,8039.4,8039.4,8039.4,8039.4,8039.4,8039.4,8039.4,8039.4,8039.4,8039.4,8039.4,8039.4,8039.4,8039.4,8039.4,16157
1.969e+05,1.969e+05,1.969e+05,1.969e+05,17290,17290,8039.4,8039.4,8039.4,8039.4,8039.4,8039.4,8039.4,8039.4,8039.4,8039.4,0,1656,1656,1656,1656,1656,1656,1719.6,1719.6,1719.6,1719.6,1749.4,2003.1,2003.1,2003.1,2003.1,2003.1,2003.1,2003.1,2003.1,2003.1,2003.1,2003.1,2003.1,2003.1,2003.1,2003.1,2003.1,2003.1,2003.1,2003.1,2003.1,2003.1,2003.1,2003.1,2003.1,2003.1,2003.1,2003.1,2003.1,2003.1,2003.1,2003.1,2003.1,2003.1,2003.1,2003.1,2003.1,2003.1,2003.1,2003.1,2003.1,2003.1,2003.1,2003.1,2003.1,2003.1,2003.1,2003.1,2003.1,2003.1,2003.1,2003.1,2003.1,2003.1,2003.1,2003.1,2003.1,2003.1,2003.1,2003.1,2003.1,2003.1,2003.1,2003.1,2003.1,2003.1,2003.1,2003.1,2003.1,2003.1,2003.1,2003.1,2003.1,2003.1,2003.1,2494.5,2556.3,2558.5,2644.9,2693.5,2713.8,2713.8,2713.8,2783.1,2783.1,3545.2,5885.9,5885.9,16157
1.969e+05,1.969e+05,1.969e+05,1.969e+05,17290,17290,8039.4,8039.4,8039.4,8039.4,8039.4,8039.4,8039.4,8039.4,8039.4,8039.4,1656,0,939.45,975.56,1589.6,1589.6,1589.6,1719.6,1719.6,1719.6,1719.6,1749.4,2003.1,2003.1,2003.1,2003.1,2003.1,2003.1,2003.1,2003.1,2003.1,2003.1,2003.1,2003.1,2003.1,2003.1,2003.1,2003.1,2003.1,2003.1,2003.1,2003.1,2003.1,2003.1,2003.1,2003.1,2003.1,2003.1,2003.1,2003.1,2003.1,2003.1,2003.1,2003.1,2003.1,2003.1,2003.1,2003.1,2003.1,2003.1,2003.1,2003.1,2003.1,2003.1,2003.1,2003.1,2003.1,2003.1,2003.1,2003.1,2003.1,2003.1,2003.1,2003.1,2003.1,2003.1,2003.1,2003.1,2003.1,2003.1,2003.1,2003.1,2003.1,2003.1,2003.1,2003.1,2003.1,2003.1,2003.1,2003.1,2003.1,2003.1,2003.1,2003.1,2003.1,2003.1,2494.5,2556.3,2558.5,2644.9,2693.5,2713.8,2713.8,2713.8,2783.1,2783.1,3545.2,5885.9,5885.9,16157
1.969e+05,1.969e+05,1.969e+05,1.969e+05,17290,17290,8039.4,8039.4,8039.4,8039.4,8039.4,8039.4,8039.4,8039.4,8039.4,8039.4,1656,939.45,0,975.56,1589.6,1589.6,1589.6,1719.6,1719.6,1719.6,1719.6,1749.4,2003.1,2003.1,2003.1,2003.1,2003.1,2003.1,2003.1,2003.1,2003.1,2003.1,2003.1,2003.1,2003.1,2003.1,2003.1,2003.1,2003.1,2003.1,2003.1,2003.1,2003.1,2003.1,2003.1,2003.1,2003.1,2003.1,2003.1,2003.1,2003.1,2003.1,2003.1,2003.1,2003.1,2003.1,2003.1,2003.1,2003.1,2003.1,2003.1,2003.1,2003.1,2003.1,2003.1,2003.1,2003.1,2003.1,2003.1,2003.1,2003.1,2003.1,2003.1,2003.1,2003.1,2003.1,2003.1,2003.1,2003.1,2003.1,2003.1,2003.1,2003.1,2003.1,2003.1,2003.1,2003.1,2003.1,2003.1,2003.1,2003.1,2003.1,2003.1,2003.1,2003.1,2003.1,2494.5,2556.3,2558.5,2644.9,2693.5,2713.8,2713.8,2713.8,2783.1,2783.1,3545.2,5885.9,5885.9,16157
1.969e+05,1.969e+05,1.969e+05,1.969e+05,17290,17290,8039.4,8039.4,8039.4,8039.4,8039.4,8039.4,8039.4,8039.4,8039.4,8039.4,1656,975.56,975.56,0,1589.6,1589.6,1589.6,1719.6,1719.6,1719.6,1719.6,1749.4,2003.1,2003.1,2003.1,2003.1,2003.1,2003.1,2003.1,2003.1,2003.1,2003.1,2003.1,2003.1,2003.1,2003.1,2003.1,2003.1,2003.1,2003.1,2003.1,2003.1,2003.1,2003.1,2003.1,2003.1,2003.1,2003.1,2003.1,2003.1,2003.1,2003.1,2003.1,2003.1,2003.1,2003.1,2003.1,2003.1,2003.1,2003.1,2003.1,2003.1,2003.1,2003.1,2003.1,2003.1,2003.1,2003.1,2003.1,2003.1,2003.1,2003.1,2003.1,2003.1,2003.1,2003.1,2003.1,2003.1,2003.1,2003.1,2003.1,2003.1,2003.1,2003.1,2003.1,2003.1,2003.1,2003.1,2003.1,2003.1,2003.1,2003.1,2003.1,2003.1,2003.1,2003.1,2494.5,2556.3,2558.5,2644.9,2693.5,2713.8,2713.8,2713.8,2783.1,2783.1,3545.2,5885.9,5885.9,16157
1.969e+05,1.969e+05,1.969e+05,1.969e+05,17290,17290,8039.4,8039.4,8039.4,8039.4,8039.4,8039.4,8039.4,8039.4,8039.4,8039.4,1656,1589.6,1589.6,1589.6,0,1287.8,1479.6,1719.6,1719.6,1719.6,1719.6,1749.4,2003.1,2003.1,2003.1,2003.1,2003.1,2003.1,2003.1,2003.1,2003.1,2003.1,2003.1,2003.1,2003.1,2003.1,2003.1,2003.1,2003.1,2003.1,2003.1,2003.1,2003.1,2003.1,2003.1,2003.1,2003.1,2003.1,2003.1,2003.1,2003.1,2003.1,2003.1,2003.1,2003.1,2003.1,2003.1,2003.1,2003.1,2003.1,2003.1,2003.1,2003.1,2003.1,2003.1,2003.1,2003.1,2003.1,2003.1,2003.1,2003.1,2003.1,2003.1,2003.1,2003.1,2003.1,2003.1,2003.1,2003.1,2003.1,2003.1,2003.1,2003.1,2003.1,2003.1,2003.1,2003.1,2003.1,2003.1,2003.1,2003.1,2003.1,2003.1,2003.1,2003.1,2003.1,2494.5,2556.3,2558.5,2644.9,2693.5,2713.8,2713.8,2713.8,2783.1,2783.1,3545.2,5885.9,5885.9,16157
1.969e+05,1.969e+05,1.969e+05,1.969e+05,17290,17290,8039.4,8039.4,8039.4,8039.4,8039.4,8039.4,8039.4,8039.4,8039.4,8039.4,1656,1589.6,1589.6,1589.6,1287.8,0,1479.6,1719.6,1719.6,1719.6,1719.6,1749.4,2003.1,2003.1,2003.1,2003.1,2003.1,2003.1,2003.1,2003.1,2003.1,2003.1,2003.1,2003.1,2003.1,2003.1,2003.1,2003.1,2003.1,2003.1,2003.1,2003.1,2003.1,2003.1,2003.1,2003.1,2003.1,2003.1,2003.1,2003.1,2003.1,2003.1,2003.1,2003.1,2003.1,2003.1,2003.1,2003.1,2003.1,2003.1,2003.1,2003.1,2003.1,2003.1,2003.1,2003.1,2003.1,2003.1,2003.1,2003.1,2003.1,2003.1,2003.1,2003.1,2003.1,2003.1,2003.1,2003.1,2003.1,2003.1,2003.1,2003.1,2003.1,2003.1,2003.1,2003.1,2003.1,2003.1,2003.1,2003.1,2003.1,2003.1,2003.1,2003.1,2003.1,2003.1,2494.5,2556.3,2558.5,2644.9,2693.5,2713.8,2713.8,2713.8,2783.1,2783.1,3545.2,5885.9,5885.9,16157
1.969e+05,1.969e+05,1.969e+05,1.969e+05,17290,17290,8039.4,8039.4,8039.4,8039.4,8039.4,8039.4,8039.4,8039.4,8039.4,8039.4,1656,1589.6,1589.6,1589.6,1479.6,1479.6,0,1719.6,1719.6,1719.6,1719.6,1749.4,2003.1,2003.1,2003.1,2003.1,2003.1,2003.1,2003.1,2003.1,2003.1,2003.1,2003.1,2003.1,2003.1,2003.1,2003.1,2003.1,2003.1,2003.1,2003.1,2003.1,2003.1,2003.1,2003.1,2003.1,2003.1,2003.1,2003.1,2003.1,2003.1,2003.1,2003.1,2003.1,2003.1,2003.1,2003.1,2003.1,2003.1,2003.1,2003.1,2003.1,2003.1,2003.1,2003.1,2003.1,2003.1,2003.1,2003.1,2003.1,2003.1,2003.1,2003.1,2003.1,2003.1,2003.1,2003.1,2003.1,2003.1,2003.1,2003.1,2003.1,2003.1,2003.1,2003.1,2003.1,2003.1,2003.1,2003.1,2003.1,2003.1,2003.1,2003.1,2003.1,2003.1,2003.1,2494.5,2556.3,2558.5,2644.9,2693.5,2713.8,2713.8,2713.8,2783.1,2783.1,3545.2,5885.9,5885.9,16157
1.969e+05,1.969e+05,1.969e+05,1.969e+05,17290,17290,8039.4,8039.4,8039.4,8039.4,8039.4,8039.4,8039.4,8039.4,8039.4,8039.4,1719.6,1719.6,1719.6,1719.6,1719.6,1719.6,1719.6,0,722.18,854.64,1138.9,1749.4,2003.1,2003.1,2003.1,2003.1,2003.1,2003.1,2003.1,2003.1,2003.1,2003.1,2003.1,2003.1,2003.1,2003.1,2003.1,2003.1,2003.1,2003.1,2003.1,2003.1,2003.1,2003.1,2003.1,2003.1,2003.1,2003.1,2003.1,2003.1,2003.1,2003.1,2003.1,2003.1,2003.1,2003.1,2003.1,2003.1,2003.1,2003.1,2003.1,2003.1,2003.1,2003.1,2003.1,2003.1,2003.1,2003.1,2003.1,2003.1,2003.1,2003.1,2003.1,2003.1,2003.1,2003.1,2003.1,2003.1,2003.1,2003.1,2003.1,2003.1,2003.1,2003.1,2003.1,2003.1,2003.1,2003.1,2003.1,2003.1,2003.1,2003.1,2003.1,2003.1,2003.1,2003.1,2494.5,2556.3,2558.5,2644.9,2693.5,2713.8,2713.8,2713.8,2783.1,2783.1,3545.2,5885.9,5885.9,16157
1.969e+05,1.969e+05,1.969e+05,1.969e+05,17290,17290,8039.4,8039.4,8039.4,8039.4,8039.4,8039.4,8039.4,8039.4,8039.4,8039.4,1719.6,1719.6,1719.6,1719.6,1719.6,1719.6,1719.6,722.18,0,854.64,1138.9,1749.4,2003.1,2003.1,2003.1,2003.1,2003.1,2003.1,2003.1,2003.1,2003.1,2003.1,2003.1,2003.1,2003.1,2003.1,2003.1,2003.1,2003.1,2003.1,2003.1,2003.1,2003.1,2003.1,2003.1,2003.1,2003.1,2003.1,2003.1,2003.1,2003.1,2003.1,2003.1,2003.1,2003.1,2003.1,2003.1,2003.1,2003.1,2003.1,2003.1,2003.1,2003.1,2003.1,2003.1,2003.1,2003.1,2003.1,2003.1,2003.1,2003.1,2003.1,2003.1,2003.1,2003.1,2003.1,2003.1,2003.1,2003.1,2003.1,2003.1,2003.1,2003.1,2003.1,2003.1,2003.1,2003.1,2003.1,2003.1,2003.1,2003.1,2003.1,2003.1,2003.1,2003.1,2003.1,2494.5,2556.3,2558.5,2644.9,2693.5,2713.8,2713.8,2713.8,2783.1,2783.1,3545.2,5885.9,5885.9,16157
1.969e+05,1.969e+05,1.969e+05,1.969e+05,17290,17290,8039.4,8039.4,8039.4,8039.4,8039.4,8039.4,8039.4,8039.4,8039.4,8039.4,1719.6,1719.6,1719.6,1719.6,1719.6,1719.6,1719.6,854.64,854.64,0,1138.9,1749.4,2003.1,2003.1,2003.1,2003.1,2003.1,2003.1,2003.1,2003.1,2003.1,2003.1,2003.1,2003.1,2003.1,2003.1,2003.1,2003.1,2003.1,2003.1,2003.1,2003.1,2003.1,2003.1,2003.1,2003.1,2003.1,2003.1,2003.1,2003.1,2003.1,2003.1,2003.1,2003.1,2003.1,2003.1,2003.1,2003.1,2003.1,2003.1,2003.1,2003.1,2003.1,2003.1,2003.1,2003.1,2003.1,2003.1,2003.1,2003.1,2003.1,2003.1,2003.1,2003.1,2003.1,2003.1,2003.1,2003.1,2003.1,2003.1,2003.1,2003.1,2003.1,2003.1,2003.1,2003.1,2003.1,2003.1,2003.1,2003.1,2003.1,2003.1,2003.1,2003.1,2003.1,2003.1,2494.5,2556.3,2558.5,2644.9,2693.5,2713.8,2713.8,2713.8,2783.1,2783.1,3545.2,5885.9,5885.9,16157
1.969e+05,1.969e+05,1.969e+05,1.969e+05,17290,17290,8039.4,8039.4,8039.4,8039.4,8039.4,8039.4,8039.4,8039.4,8039.4,8039.4,1719.6,1719.6,1719.6,1719.6,1719.6,1719.6,1719.6,1138.9,1138.9,1138.9,0,1749.4,2003.1,2003.1,2003.1,2003.1,2003.1,2003.1,2003.1,2003.1,2003.1,2003.1,2003.1,2003.1,2003.1,2003.1,2003.1,2003.1,2003.1,2003.1,2003.1,2003.1,2003.1,2003.1,2003.1,2003.1,2003.1,2003.1,2003.1,2003.1,2003.1,2003.1,2003.1,2003.1,2003.1,2003.1,2003.1,2003.1,2003.1,2003.1,2003.1,2003.1,2003.1,2003.1,2003.1,2003.1,2003.1,2003.1,2003.1,2003.1,2003.1,2003.1,2003.1,2003.1,2003.1,2003.1,2003.1,2003.1,2003.1,2003.1,2003.1,2003.1,2003.1,2003.1,2003.1,2003.1,2003.1,2003.1,2003.1,2003.1,2003.1,2003.1,2003.1,2003.1,2003.1,2003.1,2494.5,2556.3,2558.5,2644.9,2693.5,2713.8,2713.8,2713.8,2783.1,2783.1,3545.2,5885.9,5885.9,16157
1.969e+05,1.969e+05,1.969e+05,1.969e+05,17290,17290,8039.4,8039.4,8039.4,8039.4,8039.4,8039.4,8039.4,8039.4,8039.4,8039.4,1749.4,1749.4,1749.4,1749.4,1749.4,1749.4,1749.4,1749.4,1749.4,1749.4,1749.4,0,2003.1,2003.1,2003.1,2003.1,2003.1,2003.1,2003.1,2003.1,2003.1,2003.1,2003.1,2003.1,2003.1,2003.1,2003.1,2003.1,2003.1,2003.1,2003.1,2003.1,2003.1,2003.1,2003.1,2003.1,2003.1,2003.1,2003.1,2003.1,2003.1,2003.1,2003.1,2003.1,2003.1,2003.1,2003.1,2003.1,2003.1,2003.1,2003.1,2003.1,2003.1,2003.1,2003.1,2003.1,2003.1,2003.1,2003.1,2003.1,2003.1,2003.1,2003.1,2003.1,2003.1,2003.1,2003.1,2003.1,2003.1,2003.1,2003.1,2003.1,2003.1,2003.1,2003.1,2003.1,2003.1,2003.1,2003.1,2003.1,2003.1,2003.1,2003.1,2003.1,2003.1,2003.1,2494.5,2556.3,2558.5,2644.9,2693.5,2713.8,2713.8,2713.8,2783.1,2783.1,3545.2,5885.9,5885.9,16157
1.969e+05,1.969e+05,1.969e+05,1.969e+05,17290,17290,8039.4,8039.4,8039.4,8039.4,8039.4,8039.4,8039.4,8039.4,8039.4,8039.4,2003.1,2003.1,2003.1,2003.1,2003.1,2003.1,2003.1,2003.1,2003.1,2003.1,2003.1,2003.1,0,1123,1123,1123,1123,1161.9,1441,1441,1441,1441,1441,1441,1441,1441,1441,1441,1441,1441,1441,1441,1846.8,1851.1,1851.1,1851.1,1851.1,1851.1,1851.1,1851.1,1851.1,1851.1,1851.1,1851.1,1851.1,1851.1,1851.1,1851.1,1851.1,1851.1,1851.1,1851.1,1851.1,1851.1,1851.1,1851.1,1851.1,1851.1,1851.1,1851.1,1851.1,1851.1,1851.1,1851.1,1851.1,1851.1,1851.1,1851.1,1851.1,1851.1,1851.1,1851.1,1851.1,1851.1,1851.1,1851.1,1851.1,1851.1,1851.1,1851.1,1851.1,1851.1,1861.6,1885.7,1944.9,1944.9,2494.5,2556.3,2558.5,2644.9,2693.5,2713.8,2713.8,2713.8,2783.1,2783.1,3545.2,5885.9,5885.9,16157
1.969e+05,1.969e+05,1.969e+05,1.969e+05,17290,17290,8039.4,8039.4,8039.4,8039.4,8039.4,8039.4,8039.4,8039.4,8039.4,8039.4,2003.1,2003.1,2003.1,2003.1,2003.1,2003.1,2003.1,2003.1,2003.1,2003.1,2003.1,2003.1,1123,0,316.55,580.14,683.66,1161.9,1441,1441,1441,1441,1441,1441,1441,1441,1441,1441,1441,1441,1441,1441,1846.8,1851.1,1851.1,1851.1,1851.1,1851.1,1851.1,1851.1,1851.1,1851.1,1851.1,1851.1,1851.1,1851.1,1851.1,1851.1,1851.1,1851.1,1851.1,1851.1,1851.1,1851.1,1851.1,1851.1,1851.1,1851.1,1851.1,1851.1,1851.1,1851.1,1851.1,1851.1,1851.1,1851.1,1851.1,1851.1,1851.1,1851.1,1851.1,1851.1,1851.1,1851.1,1851.1,1851.1,1851.1,1851.1,1851.1,1851.1,1851.1,1851.1,1861.6,1885.7,1944.9,1944.9,2494.5,2556.3,2558.5,2644.9,2693.5,2713.8,2713.8,2713.8,2783.1,2783.1,3545.2,5885.9,5885.9,16157
1.969e+05,1.969e+05,1.969e+05,1.969e+05,17290,17290,8039.4,8039.4,8039.4,8039.4,8039.4,8039.4,8039.4,8039.4,8039.4,8039.4,2003.1,2003.1,2003.1,2003.1,2003.1,2003.1,2003.1,2003.1,2003.1,2003.1,2003.1,2003.1,1123,316.55,0,580.14,683.66,1161.9,1441,1441,1441,1441,1441,1441,1441,1441,1441,1441,1441,1441,1441,1441,1846.8,1851.1,1851.1,1851.1,1851.1,1851.1,1851.1,1851.1,1851.1,1851.1,1851.1,1851.1,1851.1,1851.1,1851.1,1851.1,1851.1,1851.1,1851.1,1851.1,1851.1,1851.1,1851.1,1851.1,1851.1,1851.1,1851.1,1851.1,1851.1,1851.1,1851.1,1851.1,1851.1,1851.1,1851.1,1851.1,1851.1,1851.1,1851.1,1851.1,1851.1,1851.1,1851.1,1851.1,1851.1,1851.1,1851.1,1851.1,1851.1,1851.1,1861.6,1885.7,1944.9,1944.9,2494.5,2556.3,2558.5,2644.9,2693.5,2713.8,2713.8,2713.8,2783.1,2783.1,3545.2,5885.9,5885.9,16157
1.969e+05,1.969e+05,1.969e+05,1.969e+05,17290,17290,8039.4,8039.4,8039.4,8039.4,8039.4,8039.4,8039.4,8039.4,8039.4,8039.4,2003.1,2003.1,2003.1,2003.1,2003.1,2003.1,2003.1,2003.1,2003.1,2003.1,2003.1,2003.1,1123,580.14,580.14,0,683.66,1161.9,1441,1441,1441,1441,1441,1441,1441,1441,1441,1441,1441,1441,1441,1441,1846.8,1851.1,1851.1,1851.1,1851.1,1851.1,1851.1,1851.1,1851.1,1851.1,1851.1,1851.1,1851.1,1851.1,1851.1,1851.1,1851.1,1851.1,1851.1,1851.1,1851.1,1851.1,1851.1,1851.1,1851.1,1851.1,1851.1,1851.1,1851.1,1851.1,1851.1,1851.1,1851.1,1851.1,1851.1,1851.1,1851.1,1851.1,1851.1,1851.1,1851.1,1851.1,1851.1,1851.1,1851.1,1851.1,1851.1,1851.1,1851.1,1851.1,1861.6,1885.7,1944.9,1944.9,2494.5,2556.3,2558.5,2644.9,2693.5,2713.8,2713.8,2713.8,2783.1,2783.1,3545.2,5885.9,5885.9,16157
1.969e+05,1.969e+05,1.969e+05,1.969e+05,17290,17290,8039.4,8039.4,8039.4,8039.4,8039.4,8039.4,8039.4,8039.4,8039.4,8039.4,2003.1,2003.1,2003.1,2003.1,2003.1,2003.1,2003.1,2003.1,2003.1,2003.1,2003.1,2003.1,1123,683.66,683.66,683.66,0,1161.9,1441,1441,1441,1441,1441,1441,1441,1441,1441,1441,1441,1441,1441,1441,1846.8,1851.1,1851.1,1851.1,1851.1,1851.1,1851.1,1851.1,1851.1,1851.1,1851.1,1851.1,1851.1,1851.1,1851.1,1851.1,1851.1,1851.1,1851.1,1851.1,1851.1,1851.1,1851.1,1851.1,1851.1,1851.1,1851.1,1851.1,1851.1,1851.1,1851.1,1851.1,1851.1,1851.1,1851.1,1851.1,1851.1,1851.1,1851.1,1851.1,1851.1,1851.1,1851.1,1851.1,1851.1,1851.1,1851.1,1851.1,1851.1,1851.1,1861.6,1885.7,1944.9,1944.9,2494.5,2556.3,2558.5,2644.9,2693.5,2713.8,2713.8,2713.8,2783.1,2783.1,3545.2,5885.9,5885.9,16157
1.969e+05,1.969e+05,1.969e+05,1.969e+05,17290,17290,8039.4,8039.4,8039.4,8039.4,8039.4,8039.4,8039.4,8039.4,8039.4,8039.4,2003.1,2003.1,2003.1,2003.1,2003.1,2003.1,2003.1,2003.1,2003.1,2003.1,2003.1,2003.1,1161.9,1161.9,1161.9,1161.9,1161.9,0,1441,1441,1441,1441,1441,1441,1441,1441,1441,1441,1441,1441,1441,1441,1846.8,1851.1,1851.1,1851.1,1851.1,1851.1,1851.1,1851.1,1851.1,1851.1,1851.1,1851.1,1851.1,1851.1,1851.1,1851.1,1851.1,1851.1,1851.1,1851.1,1851.1,1851.1,1851.1,1851.1,1851.1,1851.1,1851.1,1851.1,1851.1,1851.1,1851.1,1851.1,1851.1,1851.1,1851.1,1851.1,1851.1,1851.1,1851.1,1851.1,1851.1,1851.1,1851.1,1851.1,1851.1,1851.1,1851.1,1851.1,1851.1,1851.1,1861.6,1885.7,1944.9,1944.9,2494.5,2556.3,2558.5,2644.9,2693.5,2713.8,2713.8,2713.8,2783.1,2783.1,3545.2,5885.9,5885.9,16157
1.969e+05,1.969e+05,1.969e+05,1.969e+05,17290,17290,8039.4,8039.4,8039.4,8039.4,8039.4,8039.4,8039.4,8039.4,8039.4,8039.4,2003.1,2003.1,2003.1,2003.1,2003.1,2003.1,2003.1,2003.1,2003.1,2003.1,2003.1,2003.1,1441,1441,1441,1441,1441,1441,0,620.56,893.98,909.75,909.75,909.75,909.75,909.75,909.75,909.75,941.19,941.19,941.19,941.19,1846.8,1851.1,1851.1,1851.1,1851.1,1851.1,1851.1,1851.1,1851.1,1851.1,1851.1,1851.1,1851.1,1851.1,1851.1,1851.1,1851.1,1851.1,1851.1,1851.1,1851.1,1851.1,1851.1,1851.1,1851.1,1851.1,1851.1,1851.1,1851.1,1851.1,1851.1,1851.1,1851.1,1851.1,1851.1,1851.1,1851.1,1851.1,1851.1,1851.1,1851.1,1851.1,1851.1,1851.1,1851.1,1851.1,1851.1,1851.1,1851.1,1851.1,1861.6,1885.7,1944.9,1944.9,2494.5,2556.3,2558.5,2644.9,2693.5,2713.8,2713.8,2713.8,2783.1,2783.1,3545.2,5885.9,5885.9,16157
1.969e+05,1.969e+05,1.969e+05,1.969e+05,17290,17290,8039.4,8039.4,8039.4,8039.4,8039.4,8039.4,8039.4,8039.4,8039.4,8039.4,2003.1,2003.1,2003.1,2003.1,2003.1,2003.1,2003.1,2003.1,2003.1,2003.1,2003.1,2003.1,1441,1441,1441,1441,1441,1441,620.56,0,893.98,909.75,909.75,909.75,909.75,909.75,909.75,909.75,941.19,941.19,941.19,941.19,1846.8,1851.1,1851.1,1851.1,1851.1,1851.1,1851.1,1851.1,1851.1,1851.1,1851.1,1851.1,1851.1,1851.1,1851.1,1851.1,1851.1,1851.1,1851.1,1851.1,1851.1,1851.1,1851.1,1851.1,1851.1,1851.1,1851.1,1851.1,1851.1,1851.1,1851.1,1851.1,1851.1,1851.1,1851.1,1851.1,1851.1,1851.1,1851.1,1851.1,1851.1,1851.1,1851.1,1851.1,1851.1,1851.1,1851.1,1851.1,1851.1,1851.1,1861.6,1885.7,1944.9,1944.9,2494.5,2556.3,2558.5,2644.9,2693.5,2713.8,2713.8,2713.8,2783.1,2783.1,3545.2,5885.9,5885.9,16157
1.969e+05,1.969e+05,1.969e+05,1.969e+05,17290,17290,8039.4,8039.4,8039.4,8039.4,8039.4,8039.4,8039.4,8039.4,8039.4,8039.4,2003.1,2003.1,2003.1,2003.1,2003.1,2003.1,2003.1,2003.1,2003.1,2003.1,2003.1,2003.1,1441,1441,1441,1441,1441,1441,893.98,893.98,0,909.75,909.75,909.75,909.75,909.75,909.75,909.75,941.19,941.19,941.19,941.19,1846.8,1851.1,1851.1,1851.1,1851.1,1851.1,1851.1,1851.1,1851.1,1851.1,1851.1,1851.1,1851.1,1851.1,1851.1,1851.1,1851.1,1851.1,1851.1,1851.1,1851.1,1851.1,1851.1,1851.1,1851.1,1851.1,1851.1,1851.1,1851.1,1851.1,1851.1,1851.1,1851.1,1851.1,1851.1,1851.1,1851.1,1851.1,1851.1,1851.1,1851.1,1851.1,1851.1,1851.1,1851.1,1851.1,1851.1,1851.1,1851.1,1851.1,1861.6,1885.7,1944.9,1944.9,2494.5,2556.3,2558.5,2644.9,2693.5,2713.8,2713.8,2713.8,2783.1,2783.1,3545.2,5885.9,5885.9,16157
1.969e+05,1.969e+05,1.969e+05,1.969e+05,17290,17290,8039.4,8039.4,8039.4,8039.4,8039.4,8039.4,8039.4,8039.4,8039.4,8039.4,2003.1,2003.1,2003.1,2003.1,2003.1,2003.1,2003.1,2003.1,2003.1,2003.1,2003.1,2003.1,1441,1441,1441,1441,1441,1441,909.75,909.75,909.75,0,404.92,491.79,584.64,700.64,704.56,818.4,941.19,941.19,941.19,941.19,1846.8,1851.1,1851.1,1851.1,1851.1,1851.1,1851.1,1851.1,1851.1,1851.1,1851.1,1851.1,1851.1,1851.1,1851.1,1851.1,1851.1,1851.1,1851.1,1851.1,1851.1,1851.1,1851.1,1851.1,1851.1,1851.1,1851.1,1851.1,1851.1,1851.1,1851.1,1851.1,1851.1,1851.1,1851.1,1851.1,1851.1,1851.1,1851.1,1851.1,1851.1,1851.1,1851.1,1851.1,1851.1,1851.1,1851.1,1851.1,1851.1,1851.1,1861.6,1885.7,1944.9,1944.9,2494.5,2556.3,2558.5,2644.9,2693.5,2713.8,2713.8,2713.8,2783.1,2783.1,3545.2,5885.9,5885.9,16157
1.969e+05,1.969e+05,1.969e+05,1.969e+05,17290,17290,8039.4,8039.4,8039.4,8039.4,8039.4,8039.4,8039.4,8039.4,8039.4,8039.4,2003.1,2003.1,2003.1,2003.1,2003.1,2003.1,2003.1,2003.1,2003.1,2003.1,2003.1,2003.1,1441,1441,1441,1441,1441,1441,909.75,909.75,909.75,404.92,0,491.79,584.64,700.64,704.56,818.4,941.19,941.19,941.19,941.19,1846.8,1851.1,1851.1,1851.1,1851.1,1851.1,1851.1,1851.1,1851.1,1851.1,1851.1,1851.1,1851.1,1851.1,1851.1,1851.1,1851.1,1851.1,1851.1,1851.1,1851.1,1851.1,1851.1,1851.1,1851.1,1851.1,1851.1,1851.1,1851.1,1851.1,1851.1,1851.1,1851.1,1851.1,1851.1,1851.1,1851.1,1851.1,1851.1,1851.1,1851.1,1851.1,1851.1,1851.1,1851.1,1851.1,1851.1,1851.1,1851.1,1851.1,1861.6,1885.7,1944.9,1944.9,2494.5,2556.3,2558.5,2644.9,2693.5,2713.8,2713.8,2713.8,2783.1,2783.1,3545.2,5885.9,5885.9,16157
1.969e+05,1.969e+05,1.969e+05,1.969e+05,17290,17290,8039.4,8039.4,8039.4,8039.4,8039.4,8039.4,8039.4,8039.4,8039.4,8039.4,2003.1,2003.1,2003.1,2003.1,2003.1,2003.1,2003.1,2003.1,2003.1,2003.1,2003.1,2003.1,1441,1441,1441,1441,1441,1441,909.75,909.75,909.75,491.79,491.79,0,584.64,700.64,704.56,818.4,941.19,941.19,941.19,941.19,1846.8,1851.1,1851.1,1851.1,1851.1,1851.1,1851.1,1851.1,1851.1,1851.1,1851.1,1851.1,1851.1,1851.1,1851.1,1851.1,1851.1,1851.1,1851.1,1851.1,1851.1,1851.1,1851.1,1851.1,1851.1,1851.1,1851.1,1851.1,1851.1,1851.1,1851.1,1851.1,1851.1,1851.1,1851.1,1851.1,1851.1,1851.1,1851.1,1851.1,1851.1,1851.1,1851.1,1851.1,1851.1,1851.1,1851.1,1851.1,1851.1,1851.1,1861.6,1885.7,1944.9,1944.9,2494.5,2556.3,2558.5,2644.9,2693.5,2713.8,2713.8,2713.8,2783.1,2783.1,3545.2,5885.9,5885.9,16157
1.969e+05,1.969e+05,1.969e+05,1.969e+05,17290,17290,8039.4,8039.4,8039.4,8039.4,8039.4,8039.4,8039.4,8039.4,8039.4,8039.4,2003.1,2003.1,2003.1,2003.1,2003.1,2003.1,2003.1,2003.1,2003.1,2003.1,2003.1,2003.1,1441,1441,1441,1441,1441,1441,909.75,909.75,909.75,584.64,584.64,584.64,0,700.64,704.56,818.4,941.19,941.19,941.19,941.19,1846.8,1851.1,1851.1,1851.1,1851.1,1851.1,1851.1,1851.1,1851.1,1851.1,1851.1,1851.1,1851.1,1851.1,1851.1,1851.1,1851.1,1851.1,1851.1,1851.1,1851.1,1851.1,1851.1,1851.1,1851.1,1851.1,1851.1,1851.1,1851.1,1851.1,1851.1,1851.1,1851.1,1851.1,1851.1,1851.1,1851.1,1851.1,1851.1,1851.1,1851.1,1851.1,1851.1,1851.1,1851.1,1851.1,1851.1,1851.1,1851.1,1851.1,1861.6,1885.7,1944.9,1944.9,2494.5,2556.3,2558.5,2644.9,2693.5,2713.8,2713.8,2713.8,2783.1,2783.1,3545.2,5885.9,5885.9,16157
1.969e+05,1.969e+05,1.969e+05,1.969e+05,17290,17290,8039.4,8039.4,8039.4,8039.4,8039.4,8039.4,8039.4,8039.4,8039.4,8039.4,2003.1,2003.1,2003.1,2003.1,2003.1,2003.1,2003.1,2003.1,2003.1,2003.1,2003.1,2003.1,1441,1441,1441,1441,1441,1441,909.75,909.75,909.75,700.64,700.64,700.64,700.64,0,704.56,818.4,941.19,941.19,941.19,941.19,1846.8,1851.1,1851.1,1851.1,1851.1,1851.1,1851.1,1851.1,1851.1,1851.1,1851.1,1851.1,1851.1,1851.1,1851.1,1851.1,1851.1,1851.1,1851.1,1851.1,1851.1,1851.1,1851.1,1851.1,1851.1,1851.1,1851.1,1851.1,1851.1,1851.1,1851.1,1851.1,1851.1,1851.1,1851.1,1851.1,1851.1,1851.1,1851.1,1851.1,1851.1,1851.1,1851.1,1851.1,1851.1,1851.1,1851.1,1851.1,1851.1,1851.1,1861.6,1885.7,1944.9,1944.9,2494.5,2556.3,2558.5,2644.9,2693.5,2713.8,2713.8,2713.8,2783.1,2783.1,3545.2,5885.9,5885.9,16157
1.969e+05,1.969e+05,1.969e+05,1.969e+05,17290,17290,8039.4,8039.4,8039.4,8039.4,8039.4,8039.4,8039.4,8039.4,8039.4,8039.4,2003.1,2003.1,2003.1,2003.1,2003.1,2003.1,2003.1,2003.1,2003.1,2003.1,2003.1,2003.1,1441,1441,1441,1441,1441,1441,909.75,909.75,909.75,704.56,704.56,704.56,704.56,704.56,0,818.4,941.19,941.19,941.19,941.19,1846.8,1851.1,1851.1,1851.1,1851.1,1851.1,1851.1,1851.1,1851.1,1851.1,1851.1,1851.1,1851.1,1851.1,1851.1,1851.1,1851.1,1851.1,1851.1,1851.1,1851.1,1851.1,1851.1,1851.1,1851.1,1851.1,1851.1,1851.1,1851.1,1851.1,1851.1,1851.1,1851.1,1851.1,1851.1,1851.1,1851.1,1851.1,1851.1,1851.1,1851.1,1851.1,1851.1,1851.1,1851.1,1851.1,1851.1,1851.1,1851.1,1851.1,1861.6,1885.7,1944.9,1944.9,2494.5,2556.3,2558.5,2644.9,2693.5,2713.8,2713.8,2713.8,2783.1,2783.1,3545.2,5885.9,5885.9,16157
1.969e+05,1.969e+05,1.969e+05,1.969e+05,17290,17290,8039.4,8039.4,8039.4,8039.4,8039.4,8039.4,8039.4,8039.4,8039.4,8039.4,2003.1,2003.1,2003.1,2003.1,2003.1,2003.1,2003.1,2003.1,2003.1,2003.1,2003.1,2003.1,1441,1441,1441,1441,1441,1441,909.75,909.75,909.75,818.4,818.4,818.4,818.4,818.4,818.4,0,941.19,941.19,941.19,941.19,1846.8,1851.1,1851.1,1851.1,1851.1,1851.1,1851.1,1851.1,1851.1,1851.1,1851.1,1851.1,1851.1,1851.1,1851.1,1851.1,1851.1,1851.1,1851.1,1851.1,1851.1,1851.1,1851.1,1851.1,1851.1,1851.1,1851.1,1851.1,1851.1,1851.1,1851.1,1851.1,1851.1,1851.1,1851.1,1851.1,1851.1,1851.1,1851.1,1851.1,1851.1,1851.1,1851.1,1851.1,1851.1,1851.1,1851.1,1851.1,1851.1,1851.1,1861.6,1885.7,1944.9,1944.9,2494.5,2556.3,2558.5,2644.9,2693.5,2713.8,2713.8,2713.8,2783.1,2783.1,3545.2,5885.9,5885.9,16157
1.969e+05,1.969e+05,1.969e+05,1.969e+05,17290,17290,8039.4,8039.4,8039.4,8039.4,8039.4,8039.4,8039.4,8039.4,8039.4,8039.4,2003.1,2003.1,2003.1,2003.1,2003.1,2003.1,2003.1,2003.1,2003.1,2003.1,2003.1,2003.1,1441,1441,1441,1441,1441,1441,941.19,941.19,941.19,941.19,941.19,941.19,941.19,941.19,941.19,941.19,0,349.51,541.36,541.36,1846.8,1851.1,1851.1,1851.1,1851.1,1851.1,1851.1,1851.1,1851.1,1851.1,1851.1,1851.1,1851.1,1851.1,1851.1,1851.1,1851.1,1851.1,1851.1,1851.1,1851.1,1851.1,1851.1,1851.1,1851.1,1851.1,1851.1,1851.1,1851.1,1851.1,1851.1,1851.1,1851.1,1851.1,1851.1,1851.1,1851.1,1851.1,1851.1,1851.1,1851.1,1851.1,1851.1,1851.1,1851.1,1851.1,1851.1,1851.1,1851.1,1851.1,1861.6,1885.7,1944.9,1944.9,2494.5,2556.3,2558.5,2644.9,2693.5,2713.8,2713.8,2713.8,2783.1,2783.1,3545.2,5885.9,5885.9,16157
1.969e+05,1.969e+05,1.969e+05,1.969e+05,17290,17290,8039.4,8039.4,8039.4,8039.4,8039.4,8039.4,8039.4,8039.4,8039.4,8039.4,2003.1,2003.1,2003.1,2003.1,2003.1,2003.1,2003.1,2003.1,2003.1,2003.1,2003.1,2003.1,1441,1441,1441,1441,1441,1441,941.19,941.19,941.19,941.19,941.19,941.19,941.19,941.19,941.19,941.19,349.51,0,541.36,541.36,1846.8,1851.1,1851.1,1851.1,1851.1,1851.1,1851.1,1851.1,1851.1,1851.1,1851.1,1851.1,1851.1,1851.1,1851.1,1851.1,1851.1,1851.1,1851.1,1851.1,1851.1,1851.1,1851.1,1851.1,1851.1,1851.1,1851.1,1851.1,1851.1,1851.1,1851.1,1851.1,1851.1,1851.1,1851.1,1851.1,1851.1,1851.1,1851.1,1851.1,1851.1,1851.1,1851.1,1851.1,1851.1,1851.1,1851.1,1851.1,1851.1,1851.1,1861.6,1885.7,1944.9,1944.9,2494.5,2556.3,2558.5,2644.9,2693.5,2713.8,2713.8,2713.8,2783.1,2783.1,3545.2,5885.9,5885.9,16157
1.969e+05,1.969e+05,1.969e+05,1.969e+05,17290,17290,8039.4,8039.4,8039.4,8039.4,8039.4,8039.4,8039.4,8039.4,8039.4,8039.4,2003.1,2003.1,2003.1,2003.1,2003.1,2003.1,2003.1,2003.1,2003.1,2003.1,2003.1,2003.1,1441,1441,1441,1441,1441,1441,941.19,941.19,941.19,941.19,941.19,941.19,941.19,941.19,941.19,941.19,541.36,541.36,0,351.38,1846.8,1851.1,1851.1,1851.1,1851.1,1851.1,1851.1,1851.1,1851.1,1851.1,1851.1,1851.1,1851.1,1851.1,1851.1,1851.1,1851.1,1851.1,1851.1,1851.1,1851.1,1851.1,1851.1,1851.1,1851.1,1851.1,1851.1,1851.1,1851.1,1851.1,1851.1,1851.1,1851.1,1851.1,1851.1,1851.1,1851.1,1851.1,1851.1,1851.1,1851.1,1851.1,1851.1,1851.1,1851.1,1851.1,1851.1,1851.1,1851.1,1851.1,1861.6,1885.7,1944.9,1944.9,2494.5,2556.3,2558.5,2644.9,2693.5,2713.8,2713.8,2713.8,2783.1,2783.1,3545.2,5885.9,5885.9,16157
1.969e+05,1.969e+05,1.969e+05,1.969e+05,17290,17290,8039.4,8039.4,8039.4,8039.4,8039.4,8039.4,8039.4,8039.4,8039.4,8039.4,2003.1,2003.1,2003.1,2003.1,2003.1,2003.1,2003.1,2003.1,2003.1,2003.1,2003.1,2003.1,1441,1441,1441,1441,1441,1441,941.19,941.19,941.19,941.19,941.19,941.19,941.19,941.19,941.19,941.19,541.36,541.36,351.38,0,1846.8,1851.1,1851.1,1851.1,1851.1,1851.1,1851.1,1851.1,1851.1,1851.1,1851.1,1851.1,1851.1,1851.1,1851.1,1851.1,1851.1,1851.1,1851.1,1851.1,1851.1,1851.1,1851.1,1851.1,1851.1,1851.1,1851.1,1851.1,1851.1,1851.1,1851.1,1851.1,1851.1,1851.1,1851.1,1851.1,1851.1,1851.1,1851.1,1851.1,1851.1,1851.1,1851.1,1851.1,1851.1,1851.1,1851.1,1851.1,1851.1,1851.1,1861.6,1885.7,1944.9,1944.9,2494.5,2556.3,2558.5,2644.9,2693.5,2713.8,2713.8,2713.8,2783.1,2783.1,3545.2,5885.9,5885.9,16157
1.969e+05,1.969e+05,1.969e+05,1.969e+05,17290,17290,8039.4,8039.4,8039.4,8039.4,8039.4,8039.4,8039.4,8039.4,8039.4,8039.4,2003.1,2003.1,2003.1,2003.1,2003.1,2003.1,2003.1,2003.1,2003.1,2003.1,2003.1,2003.1,1846.8,1846.8,1846.8,1846.8,1846.8,1846.8,1846.8,1846.8,1846.8,1846.8,1846.8,1846.8,1846.8,1846.8,1846.8,1846.8,1846.8,1846.8,1846.8,1846.8,0,1851.1,1851.1,1851.1,1851.1,1851.1,1851.1,1851.1,1851.1,1851.1,1851.1,1851.1,1851.1,1851.1,1851.1,1851.1,1851.1,1851.1,1851.1,1851.1,1851.1,1851.1,1851.1,1851.1,1851.1,1851.1,1851.1,1851.1,1851.1,1851.1,1851.1,1851.1,1851.1,1851.1,1851.1,1851.1,1851.1,1851.1,1851.1,1851.1,1851.1,1851.1,1851.1,1851.1,1851.1,1851.1,1851.1,1851.1,1851.1,1851.1,1861.6,1885.7,1944.9,1944.9,2494.5,2556.3,2558.5,2644.9,2693.5,2713.8,2713.8,2713.8,2783.1,2783.1,3545.2,5885.9,5885.9,16157
1.969e+05,1.969e+05,1.969e+05,1.969e+05,17290,17290,8039.4,8039.4,8039.4,8039.4,8039.4,8039.4,8039.4,8039.4,8039.4,8039.4,2003.1,2003.1,2003.1,2003.1,2003.1,2003.1,2003.1,2003.1,2003.1,2003.1,2003.1,2003.1,1851.1,1851.1,1851.1,1851.1,1851.1,1851.1,1851.1,1851.1,1851.1,1851.1,1851.1,1851.1,1851.1,1851.1,1851.1,1851.1,1851.1,1851.1,1851.1,1851.1,1851.1,0,618.18,839.18,1053.2,1053.2,1068.2,1090.3,1354.5,1354.5,1354.5,1354.5,1354.5,1354.5,1354.5,1354.5,1354.5,1354.5,1354.5,1354.5,1354.5,1354.5,1354.5,1354.5,1354.5,1354.5,1354.5,1354.5,1442.9,1558.7,1558.7,1558.7,1558.7,1558.7,1558.7,1558.7,1558.7,1558.7,1558.7,1558.7,1558.7,1558.7,1558.7,1558.7,1558.7,1558.7,1558.7,1558.7,1661.4,1760,1861.6,1885.7,1944.9,1944.9,2494.5,2556.3,2558.5,2644.9,2693.5,2713.8,2713.8,2713.8,2783.1,2783.1,3545.2,5885.9,5885.9,16157
1.969e+05,1.969e+05,1.969e+05,1.969e+05,17290,17290,8039.4,8039.4,8039.4,8039.4,8039.4,8039.4,8039.4,8039.4,8039.4,8039.4,2003.1,2003.1,2003.1,2003.1,2003.1,2003.1,2003.1,2003.1,2003.1,2003.1,2003.1,2003.1,1851.1,1851.1,1851.1,1851.1,1851.1,1851.1,1851.1,1851.1,1851.1,1851.1,1851.1,1851.1,1851.1,1851.1,1851.1,1851.1,1851.1,1851.1,1851.1,1851.1,1851.1,618.18,0,839.18,1053.2,1053.2,1068.2,1090.3,1354.5,1354.5,1354.5,1354.5,1354.5,1354.5,1354.5,1354.5,1354.5,1354.5,1354.5,1354.5,1354.5,1354.5,1354.5,1354.5,1354.5,1354.5,1354.5,1354.5,1442.9,1558.7,1558.7,1558.7,1558.7,1558.7,1558.7,1558.7,1558.7,1558.7,1558.7,1558.7,1558.7,1558.7,1558.7,1558.7,1558.7,1558.7,1558.7,1558.7,1661.4,1760,1861.6,1885.7,1944.9,1944.9,2494.5,2556.3,2558.5,2644.9,2693.5,2713.8,2713.8,2713.8,2783.1,2783.1,3545.2,5885.9,5885.9,16157
1.969e+05,1.969e+05,1.969e+05,1.969e+05,17290,17290,8039.4,8039.4,8039.4,8039.4,8039.4,8039.4,8039.4,8039.4,8039.4,8039.4,2003.1,2003.1,2003.1,2003.1,2003.1,2003.1,2003.1,2003.1,2003.1,2003.1,2003.1,2003.1,1851.1,1851.1,1851.1,1851.1,1851.1,1851.1,1851.1,1851.1,1851.1,1851.1,1851.1,1851.1,1851.1,1851.1,1851.1,1851.1,1851.1,1851.1,1851.1,1851.1,1851.1,839.18,839.18,0,1053.2,1053.2,1068.2,1090.3,1354.5,1354.5,1354.5,1354.5,1354.5,1354.5,1354.5,1354.5,1354.5,1354.5,1354.5,1354.5,1354.5,1354.5,1354.5,1354.5,1354.5,1354.5,1354.5,1354.5,1442.9,1558.7,1558.7,1558.7,1558.7,1558.7,1558.7,1558.7,1558.7,1558.7,1558.7,1558.7,1558.7,1558.7,1558.7,1558.7,1558.7,1558.7,1558.7,1558.7,1661.4,1760,1861.6,1885.7,1944.9,1944.9,2494.5,2556.3,2558.5,2644.9,2693.5,2713.8,2713.8,2713.8,2783.1,2783.1,3545.2,5885.9,5885.9,16157
1.969e+05,1.969e+05,1.969e+05,1.969e+05,17290,17290,8039.4,8039.4,8039.4,8039.4,8039.4,8039.4,8039.4,8039.4,8039.4,8039.4,2003.1,2003.1,2003.1,2003.1,2003.1,2003.1,2003.1,2003.1,2003.1,2003.1,2003.1,2003.1,1851.1,1851.1,1851.1,1851.1,1851.1,1851.1,1851.1,1851.1,1851.1,1851.1,1851.1,1851.1,1851.1,1851.1,1851.1,1851.1,1851.1,1851.1,1851.1,1851.1,1851.1,1053.2,1053.2,1053.2,0,887.59,1068.2,1090.3,1354.5,1354.5,1354.5,1354.5,1354.5,1354.5,1354.5,1354.5,1354.5,1354.5,1354.5,1354.5,1354.5,1354.5,1354.5,1354.5,1354.5,1354.5,1354.5,1354.5,1442.9,1558.7,1558.7,1558.7,1558.7,1558.7,1558.7,1558.7,1558.7,1558.7,1558.7,1558.7,1558.7,1558.7,1558.7,1558.7,1558.7,1558.7,1558.7,1558.7,1661.4,1760,1861.6,1885.7,1944.9,1944.9,2494.5,2556.3,2558.5,2644.9,2693.5,2713.8,2713.8,2713.8,2783.1,2783.1,3545.2,5885.9,5885.9,16157
1.969e+05,1.969e+05,1.969e+05,1.969e+05,17290,17290,8039.4,8039.4,8039.4,8039.4,8039.4,8039.4,8039.4,8039.4,8039.4,8039.4,2003.1,2003.1,2003.1,2003.1,2003.1,2003.1,2003.1,2003.1,2003.1,2003.1,2003.1,2003.1,1851.1,1851.1,1851.1,1851.1,1851.1,1851.1,1851.1,1851.1,1851.1,1851.1,1851.1,1851.1,1851.1,1851.1,1851.1,1851.1,1851.1,1851.1,1851.1,1851.1,1851.1,1053.2,1053.2,1053.2,887.59,0,1068.2,1090.3,1354.5,1354.5,1354.5,1354.5,1354.5,1354.5,1354.5,1354.5,1354.5,1354.5,1354.5,1354.5,1354.5,1354.5,1354.5,1354.5,1354.5,1354.5,1354.5,1354.5,1442.9,1558.7,1558.7,1558.7,1558.7,1558.7,1558.7,1558.7,1558.7,1558.7,1558.7,1558.7,1558.7,1558.7,1558.7,1558.7,1558.7,1558.7,1558.7,1558.7,1661.4,1760,1861.6,1885.7,1944.9,1944.9,2494.5,2556.3,2558.5,2644.9,2693.5,2713.8,2713.8,2713.8,2783.1,2783.1,3545.2,5885.9,5885.9,16157
1.969e+05,1.969e+05,1.969e+05,1.969e+05,17290,17290,8039.4,8039.4,8039.4,8039.4,8039.4,8039.4,8039.4,8039.4,8039.4,8039.4,2003.1,2003.1,2003.1,2003.1,2003.1,2003.1,2003.1,2003.1,2003.1,2003.1,2003.1,2003.1,1851.1,1851.1,1851.1,1851.1,1851.1,1851.1,1851.1,1851.1,1851.1,1851.1,1851.1,1851.1,1851.1,1851.1,1851.1,1851.1,1851.1,1851.1,1851.1,1851.1,1851.1,1068.2,1068.2,1068.2,1068.2,1068.2,0,1090.3,1354.5,1354.5,1354.5,1354.5,1354.5,1354.5,1354.5,1354.5,1354.5,1354.5,1354.5,1354.5,1354.5,1354.5,1354.5,1354.5,1354.5,1354.5,1354.5,1354.5,1442.9,1558.7,1558.7,1558.7,1558.7,1558.7,1558.7,1558.7,1558.7,1558.7,1558.7,1558.7,1558.7,1558.7,1558.7,1558.7,1558.7,1558.7,1558.7,1558.7,1661.4,1760,1861.6,1885.7,1944.9,1944.9,2494.5,2556.3,2558.5,2644.9,2693.5,2713.8,2713.8,2713.8,2783.1,2783.1,3545.2,5885.9,5885.9,16157
1.969e+05,1.969e+05,1.969e+05,1.969e+05,17290,17290,8039.4,8039.4,8039.4,8039.4,8039.4,8039.4,8039.4,8039.4,8039.4,8039.4,2003.1,2003.1,2003.1,2003.1,2003.1,2003.1,2003.1,2003.1,2003.1,2003.1,2003.1,2003.1,1851.1,1851.1,1851.1,1851.1,1851.1,1851.1,1851.1,1851.1,1851.1,1851.1,1851.1,1851.1,1851.1,1851.1,1851.1,1851.1,1851.1,1851.1,1851.1,1851.1,1851.1,1090.3,1090.3,1090.3,1090.3,1090.3,1090.3,0,1354.5,1354.5,1354.5,1354.5,1354.5,1354.5,1354.5,1354.5,1354.5,1354.5,1354.5,1354.5,1354.5,1354.5,1354.5,1354.5,1354.5,1354.5,1354.5,1354.5,1442.9,1558.7,1558.7,1558.7,1558.7,1558.7,1558.7,1558.7,1558.7,1558.7,1558.7,1558.7,1558.7,1558.7,1558.7,1558.7,1558.7,1558.7,1558.7,1558.7,1661.4,1760,1861.6,1885.7,1944.9,1944.9,2494.5,2556.3,2558.5,2644.9,2693.5,2713.8,2713.8,2713.8,2783.1,2783.1,3545.2,5885.9,5885.9,16157
1.969e+05,1.969e+05,1.969e+05,1.969e+05,17290,17290,8039.4,8039.4,8039.4,8039.4,8039.4,8039.4,8039.4,8039.4,8039.4,8039.4,2003.1,2003.1,2003.1,2003.1,2003.1,2003.1,2003.1,2003.1,2003.1,2003.1,2003.1,2003.1,1851.1,1851.1,1851.1,1851.1,1851.1,1851.1,1851.1,1851.1,1851.1,1851.1,1851.1,1851.1,1851.1,1851.1,1851.1,1851.1,1851.1,1851.1,1851.1,1851.1,1851.1,1354.5,1354.5,1354.5,1354.5,1354.5,1354.5,1354.5,0,1295.9,1295.9,1295.9,1295.9,1295.9,1295.9,1295.9,1295.9,1295.9,1295.9,1295.9,1295.9,1295.9,1295.9,1295.9,1295.9,1295.9,1295.9,1341.1,1442.9,1558.7,1558.7,1558.7,1558.7,1558.7,1558.7,1558.7,1558.7,1558.7,1558.7,1558.7,1558.7,1558.7,1558.7,1558.7,1558.7,1558.7,1558.7,1558.7,1661.4,1760,1861.6,1885.7,1944.9,1944.9,2494.5,2556.3,2558.5,2644.9,2693.5,2713.8,2713.8,2713.8,2783.1,2783.1,3545.2,5885.9,5885.9,16157
1.969e+05,1.969e+05,1.969e+05,1.969e+05,17290,17290,8039.4,8039.4,8039.4,8039.4,8039.4,8039.4,8039.4,8039.4,8039.4,8039.4,2003.1,2003.1,2003.1,2003.1,2003.1,2003.1,2003.1,2003.1,2003.1,2003.1,2003.1,2003.1,1851.1,1851.1,1851.1,1851.1,1851.1,1851.1,1851.1,1851.1,1851.1,1851.1,1851.1,1851.1,1851.1,1851.1,1851.1,1851.1,1851.1,1851.1,1851.1,1851.1,1851.1,1354.5,1354.5,1354.5,1354.5,1354.5,1354.5,1354.5,1295.9,0,777.51,777.51,777.51,777.51,840.09,840.09,840.09,888.27,888.27,888.27,888.27,888.27,888.27,888.27,1016.6,1269.9,1278.8,1341.1,1442.9,1558.7,1558.7,1558.7,1558.7,1558.7,1558.7,1558.7,1558.7,1558.7,1558.7,1558.7,1558.7,1558.7,1558.7,1558.7,1558.7,1558.7,1558.7,1558.7,1661.4,1760,1861.6,1885.7,1944.9,1944.9,2494.5,2556.3,2558.5,2644.9,2693.5,2713.8,2713.8,2713.8,2783.1,2783.1,3545.2,5885.9,5885.9,16157
1.969e+05,1.969e+05,1.969e+05,1.969e+05,17290,17290,8039.4,8039.4,8039.4,8039.4,8039.4,8039.4,8039.4,8039.4,8039.4,8039.4,2003.1,2003.1,2003.1,2003.1,2003.1,2003.1,2003.1,2003.1,2003.1,2003.1,2003.1,2003.1,1851.1,1851.1,1851.1,1851.1,1851.1,1851.1,1851.1,1851.1,1851.1,1851.1,1851.1,1851.1,1851.1,1851.1,1851.1,1851.1,1851.1,1851.1,1851.1,1851.1,1851.1,1354.5,1354.5,1354.5,1354.5,1354.5,1354.5,1354.5,1295.9,777.51,0,750.11,750.11,750.11,840.09,840.09,840.09,888.27,888.27,888.27,888.27,888.27,888.27,888.27,1016.6,1269.9,1278.8,1341.1,1442.9,1558.7,1558.7,1558.7,1558.7,1558.7,1558.7,1558.7,1558.7,1558.7,1558.7,1558.7,1558.7,1558.7,1558.7,1558.7,1558.7,1558.7,1558.7,1558.7,1661.4,1760,1861.6,1885.7,1944.9,1944.9,2494.5,2556.3,2558.5,2644.9,2693.5,2713.8,2713.8,2713.8,2783.1,2783.1,3545.2,5885.9,5885.9,16157
1.969e+05,1.969e+05,1.969e+05,1.969e+05,17290,17290,8039.4,8039.4,8039.4,8039.4,8039.4,8039.4,8039.4,8039.4,8039.4,8039.4,2003.1,2003.1,2003.1,2003.1,2003.1,2003.1,2003.1,2003.1,2003.1,2003.1,2003.1,2003.1,1851.1,1851.1,1851.1,1851.1,1851.1,1851.1,1851.1,1851.1,1851.1,1851.1,1851.1,1851.1,1851.1,1851.1,1851.1,1851.1,1851.1,1851.1,1851.1,1851.1,1851.1,1354.5,1354.5,1354.5,1354.5,1354.5,1354.5,1354.5,1295.9,777.51,750.11,0,540.22,656.18,840.09,840.09,840.09,888.27,888.27,888.27,888.27,888.27,888.27,888.27,1016.6,1269.9,1278.8,1341.1,1442.9,1558.7,1558.7,1558.7,1558.7,1558.7,1558.7,1558.7,1558.7,1558.7,1558.7,1558.7,1558.7,1558.7,1558.7,1558.7,1558.7,1558.7,1558.7,1558.7,1661.4,1760,1861.6,1885.7,1944.9,1944.9,2494.5,2556.3,2558.5,2644.9,2693.5,2713.8,2713.8,2713.8,2783.1,2783.1,3545.2,5885.9,5885.9,16157
1.969e+05,1.969e+05,1.969e+05,1.969e+05,17290,17290,8039.4,8039.4,8039.4,8039.4,8039.4,8039.4,8039.4,8039.4,8039.4,8039.4,2003.1,2003.1,2003.1,2003.1,2003.1,2003.1,2003.1,2003.1,2003.1,2003.1,2003.1,2003.1,1851.1,1851.1,1851.1,1851.1,1851.1,1851.1,1851.1,1851.1,1851.1,1851.1,1851.1,1851.1,1851.1,1851.1,1851.1,1851.1,1851.1,1851.1,1851.1,1851.1,1851.1,1354.5,1354.5,1354.5,1354.5,1354.5,1354.5,1354.5,1295.9,777.51,750.11,540.22,0,656.18,840.09,840.09,840.09,888.27,888.27,888.27,888.27,888.27,888.27,888.27,1016.6,1269.9,1278.8,1341.1,1442.9,1558.7,1558.7,1558.7,1558.7,1558.7,1558.7,1558.7,1558.7,1558.7,1558.7,1558.7,1558.7,1558.7,1558.7,1558.7,1558.7,1558.7,1558.7,1558.7,1661.4,1760,1861.6,1885.7,1944.9,1944.9,2494.5,2556.3,2558.5,2644.9,2693.5,2713.8,2713.8,2713.8,2783.1,2783.1,3545.2,5885.9,5885.9,16157
1.969e+05,1.969e+05,1.969e+05,1.969e+05,17290,17290,8039.4,8039.4,8039.4,8039.4,8039.4,8039.4,8039.4,8039.4,8039.4,8039.4,2003.1,2003.1,2003.1,2003.1,2003.1,2003.1,2003.1,2003.1,2003.1,2003.1,2003.1,2003.1,1851.1,1851.1,1851.1,1851.1,1851.1,1851.1,1851.1,1851.1,1851.1,1851.1,1851.1,1851.1,1851.1,1851.1,1851.1,1851.1,1851.1,1851.1,1851.1,1851.1,1851.1,1354.5,1354.5,1354.5,1354.5,1354.5,1354.5,1354.5,1295.9,777.51,750.11,656.18,656.18,0,840.09,840.09,840.09,888.27,888.27,888.27,888.27,888.27,888.27,888.27,1016.6,1269.9,1278.8,1341.1,1442.9,1558.7,1558.7,1558.7,1558.7,1558.7,1558.7,1558.7,1558.7,1558.7,1558.7,1558.7,1558.7,1558.7,1558.7,1558.7,1558.7,1558.7,1558.7,1558.7,1661.4,1760,1861.6,1885.7,1944.9,1944.9,2494.5,2556.3,2558.5,2644.9,2693.5,2713.8,2713.8,2713.8,2783.1,2783.1,3545.2,5885.9,5885.9,16157
1.969e+05,1.969e+05,1.969e+05,1.969e+05,17290,17290,8039.4,8039.4,8039.4,8039.4,8039.4,8039.4,8039.4,8039.4,8039.4,8039.4,2003.1,2003.1,2003.1,2003.1,2003.1,2003.1,2003.1,2003.1,2003.1,2003.1,2003.1,2003.1,1851.1,1851.1,1851.1,1851.1,1851.1,1851.1,1851.1,1851.1,1851.1,1851.1,1851.1,1851.1,1851.1,1851.1,1851.1,1851.1,1851.1,1851.1,1851.1,1851.1,1851.1,1354.5,1354.5,1354.5,1354.5,1354.5,1354.5,1354.5,1295.9,840.09,840.09,840.09,840.09,840.09,0,207.17,308.49,888.27,888.27,888.27,888.27,888.27,888.27,888.27,1016.6,1269.9,1278.8,1341.1,1442.9,1558.7,1558.7,1558.7,1558.7,1558.7,1558.7,1558.7,1558.7,1558.7,1558.7,1558.7,1558.7,1558.7,1558.7,1558.7,1558.7,1558.7,1558.7,1558.7,1661.4,1760,1861.6,1885.7,1944.9,1944.9,2494.5,2556.3,2558.5,2644.9,2693.5,2713.8,2713.8,2713.8,2783.1,2783.1,3545.2,5885.9,5885.9,16157
1.969e+05,1.969e+05,1.969e+05,1.969e+05,17290,17290,8039.4,8039.4,8039.4,8039.4,8039.4,8039.4,8039.4,8039.4,8039.4,8039.4,2003.1,2003.1,2003.1,2003.1,2003.1,2003.1,2003.1,2003.1,2003.1,2003.1,2003.1,2003.1,1851.1,1851.1,1851.1,1851.1,1851.1,1851.1,1851.1,1851.1,1851.1,1851.1,1851.1,1851.1,1851.1,1851.1,1851.1,1851.1,1851.1,1851.1,1851.1,1851.1,1851.1,1354.5,1354.5,1354.5,1354.5,1354.5,1354.5,1354.5,1295.9,840.09,840.09,840.09,840.09,840.09,207.17,0,308.49,888.27,888.27,888.27,888.27,888.27,888.27,888.27,1016.6,1269.9,1278.8,1341.1,1442.9,1558.7,1558.7,1558.7,1558.7,1558.7,1558.7,1558.7,1558.7,1558.7,1558.7,1558.7,1558.7,1558.7,1558.7,1558.7,1558.7,1558.7,1558.7,1558.7,1661.4,1760,1861.6,1885.7,1944.9,1944.9,2494.5,2556.3,2558.5,2644.9,2693.5,2713.8,2713.8,2713.8,2783.1,2783.1,3545.2,5885.9,5885.9,16157
1.969e+05,1.969e+05,1.969e+05,1.969e+05,17290,17290,8039.4,8039.4,8039.4,8039.4,8039.4,8039.4,8039.4,8039.4,8039.4,8039.4,2003.1,2003.1,2003.1,2003.1,2003.1,2003.1,2003.1,2003.1,2003.1,2003.1,2003.1,2003.1,1851.1,1851.1,1851.1,1851.1,1851.1,1851.1,1851.1,1851.1,1851.1,1851.1,1851.1,1851.1,1851.1,1851.1,1851.1,1851.1,1851.1,1851.1,1851.1,1851.1,1851.1,1354.5,1354.5,1354.5,1354.5,1354.5,1354.5,1354.5,1295.9,840.09,840.09,840.09,840.09,840.09,308.49,308.49,0,888.27,888.27,888.27,888.27,888.27,888.27,888.27,1016.6,1269.9,1278.8,1341.1,1442.9,1558.7,1558.7,1558.7,1558.7,1558.7,1558.7,1558.7,1558.7,1558.7,1558.7,1558.7,1558.7,1558.7,1558.7,1558.7,1558.7,1558.7,1558.7,1558.7,1661.4,1760,1861.6,1885.7,1944.9,1944.9,2494.5,2556.3,2558.5,2644.9,2693.5,2713.8,2713.8,2713.8,2783.1,2783.1,3545.2,5885.9,5885.9,16157
1.969e+05,1.969e+05,1.969e+05,1.969e+05,17290,17290,8039.4,8039.4,8039.4,8039.4,8039.4,8039.4,8039.4,8039.4,8039.4,8039.4,2003.1,2003.1,2003.1,2003.1,2003.1,2003.1,2003.1,2003.1,2003.1,2003.1,2003.1,2003.1,1851.1,1851.1,1851.1,1851.1,1851.1,1851.1,1851.1,1851.1,1851.1,1851.1,1851.1,1851.1,1851.1,1851.1,1851.1,1851.1,1851.1,1851.1,1851.1,1851.1,1851.1,1354.5,1354.5,1354.5,1354.5,1354.5,1354.5,1354.5,1295.9,888.27,888.27,888.27,888.27,888.27,888.27,888.27,888.27,0,366.93,580.59,862.48,862.48,862.48,862.48,1016.6,1269.9,1278.8,1341.1,1442.9,1558.7,1558.7,1558.7,1558.7,1558.7,1558.7,1558.7,1558.7,1558.7,1558.7,1558.7,1558.7,1558.7,1558.7,1558.7,1558.7,1558.7,1558.7,1558.7,1661.4,1760,1861.6,1885.7,1944.9,1944.9,2494.5,2556.3,2558.5,2644.9,2693.5,2713.8,2713.8,2713.8,2783.1,2783.1,3545.2,5885.9,5885.9,16157
1.969e+05,1.969e+05,1.969e+05,1.969e+05,17290,17290,8039.4,8039.4,8039.4,8039.4,8039.4,8039.4,8039.4,8039.4,8039.4,8039.4,2003.1,2003.1,2003.1,2003.1,2003.1,2003.1,2003.1,2003.1,2003.1,2003.1,2003.1,2003.1,1851.1,1851.1,1851.1,1851.1,1851.1,1851.1,1851.1,1851.1,1851.1,1851.1,1851.1,1851.1,1851.1,1851.1,1851.1,1851.1,1851.1,1851.1,1851.1,1851.1,1851.1,1354.5,1354.5,1354.5,1354.5,1354.5,1354.5,1354.5,1295.9,888.27,888.27,888.27,888.27,888.27,888.27,888.27,888.27,366.93,0,580.59,862.48,862.48,862.48,862.48,1016.6,1269.9,1278.8,1341.1,1442.9,1558.7,1558.7,1558.7,1558.7,1558.7,1558.7,1558.7,1558.7,1558.7,1558.7,1558.7,1558.7,1558.7,1558.7,1558.7,1558.7,1558.7,1558.7,1558.7,1661.4,1760,1861.6,1885.7,1944.9,1944.9,2494.5,2556.3,2558.5,2644.9,2693.5,2713.8,2713.8,2713.8,2783.1,2783.1,3545.2,5885.9,5885.9,16157
1.969e+05,1.969e+05,1.969e+05,1.969e+05,17290,17290,8039.4,8039.4,8039.4,8039.4,8039.4,8039.4,8039.4,8039.4,8039.4,8039.4,2003.1,2003.1,2003.1,2003.1,2003.1,2003.1,2003.1,2003.1,2003.1,2003.1,2003.1,2003.1,1851.1,1851.1,1851.1,1851.1,1851.1,1851.1,1851.1,1851.1,1851.1,1851.1,1851.1,1851.1,1851.1,1851.1,1851.1,1851.1,1851.1,1851.1,1851.1,1851.1,1851.1,1354.5,1354.5,1354.5,1354.5,1354.5,1354.5,1354.5,1295.9,888.27,888.27,888.27,888.27,888.27,888.27,888.27,888.27,580.59,580.59,0,862.48,862.48,862.48,862.48,1016.6,1269.9,1278.8,1341.1,1442.9,1558.7,1558.7,1558.7,1558.7,1558.7,1558.7,1558.7,1558.7,1558.7,1558.7,1558.7,1558.7,1558.7,1558.7,1558.7,1558.7,1558.7,1558.7,1558.7,1661.4,1760,1861.6,1885.7,1944.9,1944.9,2494.5,2556.3,2558.5,2644.9,2693.5,2713.8,2713.8,2713.8,2783.1,2783.1,3545.2,5885.9,5885.9,16157
1.969e+05,1.969e+05,1.969e+05,1.969e+05,17290,17290,8039.4,8039.4,8039.4,8039.4,8039.4,8039.4,8039.4,8039.4,8039.4,8039.4,2003.1,2003.1,2003.1,2003.1,2003.1,2003.1,2003.1,2003.1,2003.1,2003.1,2003.1,2003.1,1851.1,1851.1,1851.1,1851.1,1851.1,1851.1,1851.1,1851.1,1851.1,1851.1,1851.1,1851.1,1851.1,1851.1,1851.1,1851.1,1851.1,1851.1,1851.1,1851.1,1851.1,1354.5,1354.5,1354.5,1354.5,1354.5,1354.5,1354.5,1295.9,888.27,888.27,888.27,888.27,888.27,888.27,888.27,888.27,862.48,862.48,862.48,0,625.23,669.36,792.89,1016.6,1269.9,1278.8,1341.1,1442.9,1558.7,1558.7,1558.7,1558.7,1558.7,1558.7,1558.7,1558.7,1558.7,1558.7,1558.7,1558.7,1558.7,1558.7,1558.7,1558.7,1558.7,1558.7,1558.7,1661.4,1760,1861.6,1885.7,1944.9,1944.9,2494.5,2556.3,2558.5,2644.9,2693.5,2713.8,2713.8,2713.8,2783.1,2783.1,3545.2,5885.9,5885.9,16157
1.969e+05,1.969e+05,1.969e+05,1.969e+05,17290,17290,8039.4,8039.4,8039.4,8039.4,8039.4,8039.4,8039.4,8039.4,8039.4,8039.4,2003.1,2003.1,2003.1,2003.1,2003.1,2003.1,2003.1,2003.1,2003.1,2003.1,2003.1,2003.1,1851.1,1851.1,1851.1,1851.1,1851.1,1851.1,1851.1,1851.1,1851.1,1851.1,1851.1,1851.1,1851.1,1851.1,1851.1,1851.1,1851.1,1851.1,1851.1,1851.1,1851.1,1354.5,1354.5,1354.5,1354.5,1354.5,1354.5,1354.5,1295.9,888.27,888.27,888.27,888.27,888.27,888.27,888.27,888.27,862.48,862.48,862.48,625.23,0,669.36,792.89,1016.6,1269.9,1278.8,1341.1,1442.9,1558.7,1558.7,1558.7,1558.7,1558.7,1558.7,1558.7,1558.7,1558.7,1558.7,1558.7,1558.7,1558.7,1558.7,1558.7,1558.7,1558.7,1558.7,1558.7,1661.4,1760,1861.6,1885.7,1944.9,1944.9,2494.5,2556.3,2558.5,2644.9,2693.5,2713.8,2713.8,2713.8,2783.1,2783.1,3545.2,5885.9,5885.9,16157
1.969e+05,1.969e+05,1.969e+05,1.969e+05,17290,17290,8039.4,8039.4,8039.4,8039.4,8039.4,8039.4,8039.4,8039.4,8039.4,8039.4,2003.1,2003.1,2003.1,2003.1,2003.1,2003.1,2003.1,2003.1,2003.1,2003.1,2003.1,2003.1,1851.1,1851.1,1851.1,1851.1,1851.1,1851.1,1851.1,1851.1,1851.1,1851.1,1851.1,1851.1,1851.1,1851.1,1851.1,1851.1,1851.1,1851.1,1851.1,1851.1,1851.1,1354.5,1354.5,1354.5,1354.5,1354.5,1354.5,1354.5,1295.9,888.27,888.27,888.27,888.27,888.27,888.27,888.27,888.27,862.48,862.48,862.48,669.36,669.36,0,792.89,1016.6,1269.9,1278.8,1341.1,1442.9,1558.7,1558.7,1558.7,1558.7,1558.7,1558.7,1558.7,1558.7,1558.7,1558.7,1558.7,1558.7,1558.7,1558.7,1558.7,1558.7,1558.7,1558.7,1558.7,1661.4,1760,1861.6,1885.7,1944.9,1944.9,2494.5,2556.3,2558.5,2644.9,2693.5,2713.8,2713.8,2713.8,2783.1,2783.1,3545.2,5885.9,5885.9,16157
1.969e+05,1.969e+05,1.969e+05,1.969e+05,17290,17290,8039.4,8039.4,8039.4,8039.4,8039.4,8039.4,8039.4,8039.4,8039.4,8039.4,2003.1,2003.1,2003.1,2003.1,2003.1,2003.1,2003.1,2003.1,2003.1,2003.1,2003.1,2003.1,1851.1,1851.1,1851.1,1851.1,1851.1,1851.1,1851.1,1851.1,1851.1,1851.1,1851.1,1851.1,1851.1,1851.1,1851.1,1851.1,1851.1,1851.1,1851.1,1851.1,1851.1,1354.5,1354.5,1354.5,1354.5,1354.5,1354.5,1354.5,1295.9,888.27,888.27,888.27,888.27,888.27,888.27,888.27,888.27,862.48,862.48,862.48,792.89,792.89,792.89,0,1016.6,1269.9,1278.8,1341.1,1442.9,1558.7,1558.7,1558.7,1558.7,1558.7,1558.7,1558.7,1558.7,1558.7,1558.7,1558.7,1558.7,1558.7,1558.7,1558.7,1558.7,1558.7,1558.7,1558.7,1661.4,1760,1861.6,1885.7,1944.9,1944.9,2494.5,2556.3,2558.5,2644.9,2693.5,2713.8,2713.8,2713.8,2783.1,2783.1,3545.2,5885.9,5885.9,16157
1.969e+05,1.969e+05,1.969e+05,1.969e+05,17290,17290,8039.4,8039.4,8039.4,8039.4,8039.4,8039.4,8039.4,8039.4,8039.4,8039.4,2003.1,2003.1,2003.1,2003.1,2003.1,2003.1,2003.1,2003.1,2003.1,2003.1,2003.1,2003.1,1851.1,1851.1,1851.1,1851.1,1851.1,1851.1,1851.1,1851.1,1851.1,1851.1,1851.1,1851.1,1851.1,1851.1,1851.1,1851.1,1851.1,1851.1,1851.1,1851.1,1851.1,1354.5,1354.5,1354.5,1354.5,1354.5,1354.5,1354.5,1295.9,1016.6,1016.6,1016.6,1016.6,1016.6,1016.6,1016.6,1016.6,1016.6,1016.6,1016.6,1016.6,1016.6,1016.6,1016.6,0,1269.9,1278.8,1341.1,1442.9,1558.7,1558.7,1558.7,1558.7,1558.7,1558.7,1558.7,1558.7,1558.7,1558.7,1558.7,1558.7,1558.7,1558.7,1558.7,1558.7,1558.7,1558.7,1558.7,1661.4,1760,1861.6,1885.7,1944.9,1944.9,2494.5,2556.3,2558.5,2644.9,2693.5,2713.8,2713.8,2713.8,2783.1,2783.1,3545.2,5885.9,5885.9,16157
1.969e+05,1.969e+05,1.969e+05,1.969e+05,17290,17290,8039.4,8039.4,8039.4,8039.4,8039.4,8039.4,8039.4,8039.4,8039.4,8039.4,2003.1,2003.1,2003.1,2003.1,2003.1,2003.1,2003.1,2003.1,2003.1,2003.1,2003.1,2003.1,1851.1,1851.1,1851.1,1851.1,1851.1,1851.1,1851.1,1851.1,1851.1,1851.1,1851.1,1851.1,1851.1,1851.1,1851.1,1851.1,1851.1,1851.1,1851.1,1851.1,1851.1,1354.5,1354.5,1354.5,1354.5,1354.5,1354.5,1354.5,1295.9,1269.9,1269.9,1269.9,1269.9,1269.9,1269.9,1269.9,1269.9,1269.9,1269.9,1269.9,1269.9,1269.9,1269.9,1269.9,1269.9,0,1278.8,1341.1,1442.9,1558.7,1558.7,1558.7,1558.7,1558.7,1558.7,1558.7,1558.7,1558.7,1558.7,1558.7,1558.7,1558.7,1558.7,1558.7,1558.7,1558.7,1558.7,1558.7,1661.4,1760,1861.6,1885.7,1944.9,1944.9,2494.5,2556.3,2558.5,2644.9,2693.5,2713.8,2713.8,2713.8,2783.1,2783.1,3545.2,5885.9,5885.9,16157
1.969e+05,1.969e+05,1.969e+05,1.969e+05,17290,17290,8039.4,8039.4,8039.4,8039.4,8039.4,8039.4,8039.4,8039.4,8039.4,8039.4,2003.1,2003.1,2003.1,2003.1,2003.1,2003.1,2003.1,2003.1,2003.1,2003.1,2003.1,2003.1,1851.1,1851.1,1851.1,1851.1,1851.1,1851.1,1851.1,1851.1,1851.1,1851.1,1851.1,1851.1,1851.1,1851.1,1851.1,1851.1,1851.1,1851.1,1851.1,1851.1,1851.1,1354.5,1354.5,1354.5,1354.5,1354.5,1354.5,1354.5,1295.9,1278.8,1278.8,1278.8,1278.8,1278.8,1278.8,1278.8,1278.8,1278.8,1278.8,1278.8,1278.8,1278.8,1278.8,1278.8,1278.8,1278.8,0,1341.1,1442.9,1558.7,1558.7,1558.7,1558.7,1558.7,1558.7,1558.7,1558.7,1558.7,1558.7,1558.7,1558.7,1558.7,1558.7,1558.7,1558.7,1558.7,1558.7,1558.7,1661.4,1760,1861.6,1885.7,1944.9,1944.9,2494.5,2556.3,2558.5,2644.9,2693.5,2713.8,2713.8,2713.8,2783.1,2783.1,3545.2,5885.9,5885.9,16157
1.969e+05,1.969e+05,1.969e+05,1.969e+05,17290,17290,8039.4,8039.4,8039.4,8039.4,8039.4,8039.4,8039.4,8039.4,8039.4,8039.4,2003.1,2003.1,2003.1,2003.1,2003.1,2003.1,2003.1,2003.1,2003.1,2003.1,2003.1,2003.1,1851.1,1851.1,1851.1,1851.1,1851.1,1851.1,1851.1,1851.1,1851.1,1851.1,1851.1,1851.1,1851.1,1851.1,1851.1,1851.1,1851.1,1851.1,1851.1,1851.1,1851.1,1354.5,1354.5,1354.5,1354.5,1354.5,1354.5,1354.5,1341.1,1341.1,1341.1,1341.1,1341.1,1341.1,1341.1,1341.1,1341.1,1341.1,1341.1,1341.1,1341.1,1341.1,1341.1,1341.1,1341.1,1341.1,1341.1,0,1442.9,1558.7,1558.7,1558.7,1558.7,1558.7,1558.7,1558.7,1558.7,1558.7,1558.7,1558.7,1558.7,1558.7,1558.7,1558.7,1558.7,1558.7,1558.7,1558.7,1661.4,1760,1861.6,1885.7,1944.9,1944.9,2494.5,2556.3,2558.5,2644.9,2693.5,2713.8,2713.8,2713.8,2783.1,2783.1,3545.2,5885.9,5885.9,16157
1.969e+05,1.969e+05,1.969e+05,1.969e+05,17290,17290,8039.4,8039.4,8039.4,8039.4,8039.4,8039.4,8039.4,8039.4,8039.4,8039.4,2003.1,2003.1,2003.1,2003.1,2003.1,2003.1,2003.1,2003.1,2003.1,2003.1,2003.1,2003.1,1851.1,1851.1,1851.1,1851.1,1851.1,1851.1,1851.1,1851.1,1851.1,1851.1,1851.1,1851.1,1851.1,1851.1,1851.1,1851.1,1851.1,1851.1,1851.1,1851.1,1851.1,1442.9,1442.9,1442.9,1442.9,1442.9,1442.9,1442.9,1442.9,1442.9,1442.9,1442.9,1442.9,1442.9,1442.9,1442.9,1442.9,1442.9,1442.9,1442.9,1442.9,1442.9,1442.9,1442.9,1442.9,1442.9,1442.9,1442.9,0,1558.7,1558.7,1558.7,1558.7,1558.7,1558.7,1558.7,1558.7,1558.7,1558.7,1558.7,1558.7,1558.7,1558.7,1558.7,1558.7,1558.7,1558.7,1558.7,1661.4,1760,1861.6,1885.7,1944.9,1944.9,2494.5,2556.3,2558.5,2644.9,2693.5,2713.8,2713.8,2713.8,2783.1,2783.1,3545.2,5885.9,5885.9,16157
1.969e+05,1.969e+05,1.969e+05,1.969e+05,17290,17290,8039.4,8039.4,8039.4,8039.4,8039.4,8039.4,8039.4,8039.4,8039.4,8039.4,2003.1,2003.1,2003.1,2003.1,2003.1,2003.1,2003.1,2003.1,2003.1,2003.1,2003.1,2003.1,1851.1,1851.1,1851.1,1851.1,1851.1,1851.1,1851.1,1851.1,1851.1,1851.1,1851.1,1851.1,1851.1,1851.1,1851.1,1851.1,1851.1,1851.1,1851.1,1851.1,1851.1,1558.7,1558.7,1558.7,1558.7,1558.7,1558.7,1558.7,1558.7,1558.7,1558.7,1558.7,1558.7,1558.7,1558.7,1558.7,1558.7,1558.7,1558.7,1558.7,1558.7,1558.7,1558.7,1558.7,1558.7,1558.7,1558.7,1558.7,1558.7,0,83.052,449.89,802.08,802.08,802.08,802.08,802.08,802.08,802.08,802.08,802.08,914.23,914.23,914.23,1026.7,1093.3,1124.9,1124.9,1661.4,1760,1861.6,1885.7,1944.9,1944.9,2494.5,2556.3,2558.5,2644.9,2693.5,2713.8,2713.8,2713.8,2783.1,2783.1,3545.2,5885.9,5885.9,16157
1.969e+05,1.969e+05,1.969e+05,1.969e+05,17290,17290,8039.4,8039.4,8039.4,8039.4,8039.4,8039.4,8039.4,8039.4,8039.4,8039.4,2003.1,2003.1,2003.1,2003.1,2003.1,2003.1,2003.1,2003.1,2003.1,2003.1,2003.1,2003.1,1851.1,1851.1,1851.1,1851.1,1851.1,1851.1,1851.1,1851.1,1851.1,1851.1,1851.1,1851.1,1851.1,1851.1,1851.1,1851.1,1851.1,1851.1,1851.1,1851.1,1851.1,1558.7,1558.7,1558.7,1558.7,1558.7,1558.7,1558.7,1558.7,1558.7,1558.7,1558.7,1558.7,1558.7,1558.7,1558.7,1558.7,1558.7,1558.7,1558.7,1558.7,1558.7,1558.7,1558.7,1558.7,1558.7,1558.7,1558.7,1558.7,83.052,0,449.89,802.08,802.08,802.08,802.08,802.08,802.08,802.08,802.08,802.08,914.23,914.23,914.23,1026.7,1093.3,1124.9,1124.9,1661.4,1760,1861.6,1885.7,1944.9,1944.9,2494.5,2556.3,2558.5,2644.9,2693.5,2713.8,2713.8,2713.8,2783.1,2783.1,3545.2,5885.9,5885.9,16157
1.969e+05,1.969e+05,1.969e+05,1.969e+05,17290,17290,8039.4,8039.4,8039.4,8039.4,8039.4,8039.4,8039.4,8039.4,8039.4,8039.4,2003.1,2003.1,2003.1,2003.1,2003.1,2003.1,2003.1,2003.1,2003.1,2003.1,2003.1,2003.1,1851.1,1851.1,1851.1,1851.1,1851.1,1851.1,1851.1,1851.1,1851.1,1851.1,1851.1,1851.1,1851.1,1851.1,1851.1,1851.1,1851.1,1851.1,1851.1,1851.1,1851.1,1558.7,1558.7,1558.7,1558.7,1558.7,1558.7,1558.7,1558.7,1558.7,1558.7,1558.7,1558.7,1558.7,1558.7,1558.7,1558.7,1558.7,1558.7,1558.7,1558.7,1558.7,1558.7,1558.7,1558.7,1558.7,1558.7,1558.7,1558.7,449.89,449.89,0,802.08,802.08,802.08,802.08,802.08,802.08,802.08,802.08,802.08,914.23,914.23,914.23,1026.7,1093.3,1124.9,1124.9,1661.4,1760,1861.6,1885.7,1944.9,1944.9,2494.5,2556.3,2558.5,2644.9,2693.5,2713.8,2713.8,2713.8,2783.1,2783.1,3545.2,5885.9,5885.9,16157
1.969e+05,1.969e+05,1.969e+05,1.969e+05,17290,17290,8039.4,8039.4,8039.4,8039.4,8039.4,8039.4,8039.4,8039.4,8039.4,8039.4,2003.1,2003.1,2003.1,2003.1,2003.1,2003.1,2003.1,2003.1,2003.1,2003.1,2003.1,2003.1,1851.1,1851.1,1851.1,1851.1,1851.1,1851.1,1851.1,1851.1,1851.1,1851.1,1851.1,1851.1,1851.1,1851.1,1851.1,1851.1,1851.1,1851.1,1851.1,1851.1,1851.1,1558.7,1558.7,1558.7,1558.7,1558.7,1558.7,1558.7,1558.7,1558.7,1558.7,1558.7,1558.7,1558.7,1558.7,1558.7,1558.7,1558.7,1558.7,1558.7,1558.7,1558.7,1558.7,1558.7,1558.7,1558.7,1558.7,1558.7,1558.7,802.08,802.08,802.08,0,242.2,560.23,560.23,560.23,735.72,757.62,757.62,757.62,914.23,914.23,914.23,1026.7,1093.3,1124.9,1124.9,1661.4,1760,1861.6,1885.7,1944.9,1944.9,2494.5,2556.3,2558.5,2644.9,2693.5,2713.8,2713.8,2713.8,2783.1,2783.1,3545.2,5885.9,5885.9,16157
1.969e+05,1.969e+05,1.969e+05,1.969e+05,17290,17290,8039.4,8039.4,8039.4,8039.4,8039.4,8039.4,8039.4,8039.4,8039.4,8039.4,2003.1,2003.1,2003.1,2003.1,2003.1,2003.1,2003.1,2003.1,2003.1,2003.1,2003.1,2003.1,1851.1,1851.1,1851.1,1851.1,1851.1,1851.1,1851.1,1851.1,1851.1,1851.1,1851.1,1851.1,1851.1,1851.1,1851.1,1851.1,1851.1,1851.1,1851.1,1851.1,1851.1,1558.7,1558.7,1558.7,1558.7,1558.7,1558.7,1558.7,1558.7,1558.7,1558.7,1558.7,1558.7,1558.7,1558.7,1558.7,1558.7,1558.7,1558.7,1558.7,1558.7,1558.7,1558.7,1558.7,1558.7,1558.7,1558.7,1558.7,1558.7,802.08,802.08,802.08,242.2,0,560.23,560.23,560.23,735.72,757.62,757.62,757.62,914.23,914.23,914.23,1026.7,1093.3,1124.9,1124.9,1661.4,1760,1861.6,1885.7,1944.9,1944.9,2494.5,2556.3,2558.5,2644.9,2693.5,2713.8,2713.8,2713.8,2783.1,2783.1,3545.2,5885.9,5885.9,16157
1.969e+05,1.969e+05,1.969e+05,1.969e+05,17290,17290,8039.4,8039.4,8039.4,8039.4,8039.4,8039.4,8039.4,8039.4,8039.4,8039.4,2003.1,2003.1,2003.1,2003.1,2003.1,2003.1,2003.1,2003.1,2003.1,2003.1,2003.1,2003.1,1851.1,1851.1,1851.1,1851.1,1851.1,1851.1,1851.1,1851.1,1851.1,1851.1,1851.1,1851.1,1851.1,1851.1,1851.1,1851.1,1851.1,1851.1,1851.1,1851.1,1851.1,1558.7,1558.7,1558.7,1558.7,1558.7,1558.7,1558.7,1558.7,1558.7,1558.7,1558.7,1558.7,1558.7,1558.7,1558.7,1558.7,1558.7,1558.7,1558.7,1558.7,1558.7,1558.7,1558.7,1558.7,1558.7,1558.7,1558.7,1558.7,802.08,802.08,802.08,560.23,560.23,0,524.49,524.49,735.72,757.62,757.62,757.62,914.23,914.23,914.23,1026.7,1093.3,1124.9,1124.9,1661.4,1760,1861.6,1885.7,1944.9,1944.9,2494.5,2556.3,2558.5,2644.9,2693.5,2713.8,2713.8,2713.8,2783.1,2783.1,3545.2,5885.9,5885.9,16157
1.969e+05,1.969e+05,1.969e+05,1.969e+05,17290,17290,8039.4,8039.4,8039.4,8039.4,8039.4,8039.4,8039.4,8039.4,8039.4,8039.4,2003.1,2003.1,2003.1,2003.1,2003.1,2003.1,2003.1,2003.1,2003.1,2003.1,2003.1,2003.1,1851.1,1851.1,1851.1,1851.1,1851.1,1851.1,1851.1,1851.1,1851.1,1851.1,1851.1,1851.1,1851.1,1851.1,1851.1,1851.1,1851.1,1851.1,1851.1,1851.1,1851.1,1558.7,1558.7,1558.7,1558.7,1558.7,1558.7,1558.7,1558.7,1558.7,1558.7,1558.7,1558.7,1558.7,1558.7,1558.7,1558.7,1558.7,1558.7,1558.7,1558.7,1558.7,1558.7,1558.7,1558.7,1558.7,1558.7,1558.7,1558.7,802.08,802.08,802.08,560.23,560.23,524.49,0,243.33,735.72,757.62,757.62,757.62,914.23,914.23,914.23,1026.7,1093.3,1124.9,1124.9,1661.4,1760,1861.6,1885.7,1944.9,1944.9,2494.5,2556.3,2558.5,2644.9,2693.5,2713.8,2713.8,2713.8,2783.1,2783.1,3545.2,5885.9,5885.9,16157
1.969e+05,1.969e+05,1.969e+05,1.969e+05,17290,17290,8039.4,8039.4,8039.4,8039.4,8039.4,8039.4,8039.4,8039.4,8039.4,8039.4,2003.1,2003.1,2003.1,2003.1,2003.1,2003.1,2003.1,2003.1,2003.1,2003.1,2003.1,2003.1,1851.1,1851.1,1851.1,1851.1,1851.1,1851.1,1851.1,1851.1,1851.1,1851.1,1851.1,1851.1,1851.1,1851.1,1851.1,1851.1,1851.1,1851.1,1851.1,1851.1,1851.1,1558.7,1558.7,1558.7,1558.7,1558.7,1558.7,1558.7,1558.7,1558.7,1558.7,1558.7,1558.7,1558.7,1558.7,1558.7,1558.7,1558.7,1558.7,1558.7,1558.7,1558.7,1558.7,1558.7,1558.7,1558.7,1558.7,1558.7,1558.7,802.08,802.08,802.08,560.23,560.23,524.49,243.33,0,735.72,757.62,757.62,757.62,914.23,914.23,914.23,1026.7,1093.3,1124.9,1124.9,1661.4,1760,1861.6,1885.7,1944.9,1944.9,2494.5,2556.3,2558.5,2644.9,2693.5,2713.8,2713.8,2713.8,2783.1,2783.1,3545.2,5885.9,5885.9,16157
1.969e+05,1.969e+05,1.969e+05,1.969e+05,17290,17290,8039.4,8039.4,8039.4,8039.4,8039.4,8039.4,8039.4,8039.4,8039.4,8039.4,2003.1,2003.1,2003.1,2003.1,2003.1,2003.1,2003.1,2003.1,2003.1,2003.1,2003.1,2003.1,1851.1,1851.1,1851.1,1851.1,1851.1,1851.1,1851.1,1851.1,1851.1,1851.1,1851.1,1851.1,1851.1,1851.1,1851.1,1851.1,1851.1,1851.1,1851.1,1851.1,1851.1,1558.7,1558.7,1558.7,1558.7,1558.7,1558.7,1558.7,1558.7,1558.7,1558.7,1558.7,1558.7,1558.7,1558.7,1558.7,1558.7,1558.7,1558.7,1558.7,1558.7,1558.7,1558.7,1558.7,1558.7,1558.7,1558.7,1558.7,1558.7,802.08,802.08,802.08,735.72,735.72,735.72,735.72,735.72,0,757.62,757.62,757.62,914.23,914.23,914.23,1026.7,1093.3,1124.9,1124.9,1661.4,1760,1861.6,1885.7,1944.9,1944.9,2494.5,2556.3,2558.5,2644.9,2693.5,2713.8,2713.8,2713.8,2783.1,2783.1,3545.2,5885.9,5885.9,16157
1.969e+05,1.969e+05,1.969e+05,1.969e+05,17290,17290,8039.4,8039.4,8039.4,8039.4,8039.4,8039.4,8039.4,8039.4,8039.4,8039.4,2003.1,2003.1,2003.1,2003.1,2003.1,2003.1,2003.1,2003.1,2003.1,2003.1,2003.1,2003.1,1851.1,1851.1,1851.1,1851.1,1851.1,1851.1,1851.1,1851.1,1851.1,1851.1,1851.1,1851.1,1851.1,1851.1,1851.1,1851.1,1851.1,1851.1,1851.1,1851.1,1851.1,1558.7,1558.7,1558.7,1558.7,1558.7,1558.7,1558.7,1558.7,1558.7,1558.7,1558.7,1558.7,1558.7,1558.7,1558.7,1558.7,1558.7,1558.7,1558.7,1558.7,1558.7,1558.7,1558.7,1558.7,1558.7,1558.7,1558.7,1558.7,802.08,802.08,802.08,757.62,757.62,757.62,757.62,757.62,757.62,0,461.26,461.26,914.23,914.23,914.23,1026.7,1093.3,1124.9,1124.9,1661.4,1760,1861.6,1885.7,1944.9,1944.9,2494.5,2556.3,2558.5,2644.9,2693.5,2713.8,2713.8,2713.8,2783.1,2783.1,3545.2,5885.9,5885.9,16157
1.969e+05,1.969e+05,1.969e+05,1.969e+05,17290,17290,8039.4,8039.4,8039.4,8039.4,8039.4,8039.4,8039.4,8039.4,8039.4,8039.4,2003.1,2003.1,2003.1,2003.1,2003.1,2003.1,2003.1,2003.1,2003.1,2003.1,2003.1,2003.1,1851.1,1851.1,1851.1,1851.1,1851.1,1851.1,1851.1,1851.1,1851.1,1851.1,1851.1,1851.1,1851.1,1851.1,1851.1,1851.1,1851.1,1851.1,1851.1,1851.1,1851.1,1558.7,1558.7,1558.7,1558.7,1558.7,1558.7,1558.7,1558.7,1558.7,1558.7,1558.7,1558.7,1558.7,1558.7,1558.7,1558.7,1558.7,1558.7,1558.7,1558.7,1558.7,1558.7,1558.7,1558.7,1558.7,1558.7,1558.7,1558.7,802.08,802.08,802.08,757.62,757.62,757.62,757.62,757.62,757.62,461.26,0,297.95,914.23,914.23,914.23,1026.7,1093.3,1124.9,1124.9,1661.4,1760,1861.6,1885.7,1944.9,1944.9,2494.5,2556.3,2558.5,2644.9,2693.5,2713.8,2713.8,2713.8,2783.1,2783.1,3545.2,5885.9,5885.9,16157
1.969e+05,1.969e+05,1.969e+05,1.969e+05,17290,17290,8039.4,8039.4,8039.4,8039.4,8039.4,8039.4,8039.4,8039.4,8039.4,8039.4,2003.1,2003.1,2003.1,2003.1,2003.1,2003.1,2003.1,2003.1,2003.1,2003.1,2003.1,2003.1,1851.1,1851.1,1851.1,1851.1,1851.1,1851.1,1851.1,1851.1,1851.1,1851.1,1851.1,1851.1,1851.1,1851.1,1851.1,1851.1,1851.1,1851.1,1851.1,1851.1,1851.1,1558.7,1558.7,1558.7,1558.7,1558.7,1558.7,1558.7,1558.7,1558.7,1558.7,1558.7,1558.7,1558.7,1558.7,1558.7,1558.7,1558.7,1558.7,1558.7,1558.7,1558.7,1558.7,1558.7,1558.7,1558.7,1558.7,1558.7,1558.7,802.08,802.08,802.08,757.62,757.62,757.62,757.62,757.62,757.62,461.26,297.95,0,914.23,914.23,914.23,1026.7,1093.3,1124.9,1124.9,1661.4,1760,1861.6,1885.7,1944.9,1944.9,2494.5,2556.3,2558.5,2644.9,2693.5,2713.8,2713.8,2713.8,2783.1,2783.1,3545.2,5885.9,5885.9,16157
1.969e+05,1.969e+05,1.969e+05,1.969e+05,17290,17290,8039.4,8039.4,8039.4,8039.4,8039.4,8039.4,8039.4,8039.4,8039.4,8039.4,2003.1,2003.1,2003.1,2003.1,2003.1,2003.1,2003.1,2003.1,2003.1,2003.1,2003.1,2003.1,1851.1,1851.1,1851.1,1851.1,1851.1,1851.1,1851.1,1851.1,1851.1,1851.1,1851.1,1851.1,1851.1,1851.1,1851.1,1851.1,1851.1,1851.1,1851.1,1851.1,1851.1,1558.7,1558.7,1558.7,1558.7,1558.7,1558.7,1558.7,1558.7,1558.7,1558.7,1558.7,1558.7,1558.7,1558.7,1558.7,1558.7,1558.7,1558.7,1558.7,1558.7,1558.7,1558.7,1558.7,1558.7,1558.7,1558.7,1558.7,1558.7,914.23,914.23,914.23,914.23,914.23,914.23,914.23,914.23,914.23,914.23,914.23,914.23,0,833.02,833.02,1026.7,1093.3,1124.9,1124.9,1661.4,1760,1861.6,1885.7,1944.9,1944.9,2494.5,2556.3,2558.5,2644.9,2693.5,2713.8,2713.8,2713.8,2783.1,2783.1,3545.2,5885.9,5885.9,16157
1.969e+05,1.969e+05,1.969e+05,1.969e+05,17290,17290,8039.4,8039.4,8039.4,8039.4,8039.4,8039.4,8039.4,8039.4,8039.4,8039.4,2003.1,2003.1,2003.1,2003.1,2003.1,2003.1,2003.1,2003.1,2003.1,2003.1,2003.1,2003.1,1851.1,1851.1,1851.1,1851.1,1851.1,1851.1,1851.1,1851.1,1851.1,1851.1,1851.1,1851.1,1851.1,1851.1,1851.1,1851.1,1851.1,1851.1,1851.1,1851.1,1851.1,1558.7,1558.7,1558.7,1558.7,1558.7,1558.7,1558.7,1558.7,1558.7,1558.7,1558.7,1558.7,1558.7,1558.7,1558.7,1558.7,1558.7,1558.7,1558.7,1558.7,1558.7,1558.7,1558.7,1558.7,1558.7,1558.7,1558.7,1558.7,914.23,914.23,914.23,914.23,914.23,914.23,914.23,914.23,914.23,914.23,914.23,914.23,833.02,0,738.75,1026.7,1093.3,1124.9,1124.9,1661.4,1760,1861.6,1885.7,1944.9,1944.9,2494.5,2556.3,2558.5,2644.9,2693.5,2713.8,2713.8,2713.8,2783.1,2783.1,3545.2,5885.9,5885.9,16157
1.969e+05,1.969e+05,1.969e+05,1.969e+05,17290,17290,8039.4,8039.4,8039.4,8039.4,8039.4,8039.4,8039.4,8039.4,8039.4,8039.4,2003.1,2003.1,2003.1,2003.1,2003.1,2003.1,2003.1,2003.1,2003.1,2003.1,2003.1,2003.1,1851.1,1851.1,1851.1,1851.1,1851.1,1851.1,1851.1,1851.1,1851.1,1851.1,1851.1,1851.1,1851.1,1851.1,1851.1,1851.1,1851.1,1851.1,1851.1,1851.1,1851.1,1558.7,1558.7,1558.7,1558.7,1558.7,1558.7,1558.7,1558.7,1558.7,1558.7,1558.7,1558.7,1558.7,1558.7,1558.7,1558.7,1558.7,1558.7,1558.7,1558.7,1558.7,1558.7,1558.7,1558.7,1558.7,1558.7,1558.7,1558.7,914.23,914.23,914.23,914.23,914.23,914.23,914.23,914.23,914.23,914.23,914.23,914.23,833.02,738.75,0,1026.7,1093.3,1124.9,1124.9,1661.4,1760,1861.6,1885.7,1944.9,1944.9,2494.5,2556.3,2558.5,2644.9,2693.5,2713.8,2713.8,2713.8,2783.1,2783.1,3545.2,5885.9,5885.9,16157
1.969e+05,1.969e+05,1.969e+05,1.969e+05,17290,17290,8039.4,8039.4,8039.4,8039.4,8039.4,8039.4,8039.4,8039.4,8039.4,8039.4,2003.1,2003.1,2003.1,2003.1,2003.1,2003.1,2003.1,2003.1,2003.1,2003.1,2003.1,2003.1,1851.1,1851.1,1851.1,1851.1,1851.1,1851.1,1851.1,1851.1,1851.1,1851.1,1851.1,1851.1,1851.1,1851.1,1851.1,1851.1,1851.1,1851.1,1851.1,1851.1,1851.1,1558.7,1558.7,1558.7,1558.7,1558.7,1558.7,1558.7,1558.7,1558.7,1558.7,1558.7,1558.7,1558.7,1558.7,1558.7,1558.7,1558.7,1558.7,1558.7,1558.7,1558.7,1558.7,1558.7,1558.7,1558.7,1558.7,1558.7,1558.7,1026.7,1026.7,1026.7,1026.7,1026.7,1026.7,1026.7,1026.7,1026.7,1026.7,1026.7,1026.7,1026.7,1026.7,1026.7,0,1093.3,1124.9,1124.9,1661.4,1760,1861.6,1885.7,1944.9,1944.9,2494.5,2556.3,2558.5,2644.9,2693.5,2713.8,2713.8,2713.8,2783.1,2783.1,3545.2,5885.9,5885.9,16157
1.969e+05,1.969e+05,1.969e+05,1.969e+05,17290,17290,8039.4,8039.4,8039.4,8039.4,8039.4,8039.4,8039.4,8039.4,8039.4,8039.4,2003.1,2003.1,2003.1,2003.1,2003.1,2003.1,2003.1,2003.1,2003.1,2003.1,2003.1,2003.1,1851.1,1851.1,1851.1,1851.1,1851.1,1851.1,1851.1,1851.1,1851.1,1851.1,1851.1,1851.1,1851.1,1851.1,1851.1,1851.1,1851.1,1851.1,1851.1,1851.1,1851.1,1558.7,1558.7,1558.7,1558.7,1558.7,1558.7,1558.7,1558.7,1558.7,1558.7,1558.7,1558.7,1558.7,1558.7,1558.7,1558.7,1558.7,1558.7,1558.7,1558.7,1558.7,1558.7,1558.7,1558.7,1558.7,1558.7,1558.7,1558.7,1093.3,1093.3,1093.3,1093.3,1093.3,1093.3,1093.3,1093.3,1093.3,1093.3,1093.3,1093.3,1093.3,1093.3,1093.3,1093.3,0,1124.9,1124.9,1661.4,1760,1861.6,1885.7,1944.9,1944.9,2494.5,2556.3,2558.5,2644.9,2693.5,2713.8,2713.8,2713.8,2783.1,2783.1,3545.2,5885.9,5885.9,16157
1.969e+05,1.969e+05,1.969e+05,1.969e+05,17290,17290,8039.4,8039.4,8039.4,8039.4,8039.4,8039.4,8039.4,8039.4,8039.4,8039.4,2003.1,2003.1,2003.1,2003.1,2003.1,2003.1,2003.1,2003.1,2003.1,2003.1,2003.1,2003.1,1851.1,1851.1,1851.1,1851.1,1851.1,1851.1,1851.1,1851.1,1851.1,1851.1,1851.1,1851.1,1851.1,1851.1,1851.1,1851.1,1851.1,1851.1,1851.1,1851.1,1851.1,1558.7,1558.7,1558.7,1558.7,1558.7,1558.7,1558.7,1558.7,1558.7,1558.7,1558.7,1558.7,1558.7,1558.7,1558.7,1558.7,1558.7,1558.7,1558.7,1558.7,1558.7,1558.7,1558.7,1558.7,1558.7,1558.7,1558.7,1558.7,1124.9,1124.9,1124.9,1124.9,1124.9,1124.9,1124.9,1124.9,1124.9,1124.9,1124.9,1124.9,1124.9,1124.9,1124.9,1124.9,1124.9,0,907.95,1661.4,1760,1861.6,1885.7,1944.9,1944.9,2494.5,2556.3,2558.5,2644.9,2693.5,2713.8,2713.8,2713.8,2783.1,2783.1,3545.2,5885.9,5885.9,16157
1.969e+05,1.969e+05,1.969e+05,1.969e+05,17290,17290,8039.4,8039.4,8039.4,8039.4,8039.4,8039.4,8039.4,8039.4,8039.4,8039.4,2003.1,2003.1,2003.1,2003.1,2003.1,2003.1,2003.1,2003.1,2003.1,2003.1,2003.1,2003.1,1851.1,1851.1,1851.1,1851.1,1851.1,1851.1,1851.1,1851.1,1851.1,1851.1,1851.1,1851.1,1851.1,1851.1,1851.1,1851.1,1851.1,1851.1,1851.1,1851.1,1851.1,1558.7,1558.7,1558.7,1558.7,1558.7,1558.7,1558.7,1558.7,1558.7,1558.7,1558.7,1558.7,1558.7,1558.7,1558.7,1558.7,1558.7,1558.7,1558.7,1558.7,1558.7,1558.7,1558.7,1558.7,1558.7,1558.7,1558.7,1558.7,1124.9,1124.9,1124.9,1124.9,1124.9,1124.9,1124.9,1124.9,1124.9,1124.9,1124.9,1124.9,1124.9,1124.9,1124.9,1124.9,1124.9,907.95,0,1661.4,1760,1861.6,1885.7,1944.9,1944.9,2494.5,2556.3,2558.5,2644.9,2693.5,2713.8,2713.8,2713.8,2783.1,2783.1,3545.2,5885.9,5885.9,16157
1.969e+05,1.969e+05,1.969e+05,1.969e+05,17290,17290,8039.4,8039.4,8039.4,8039.4,8039.4,8039.4,8039.4,8039.4,8039.4,8039.4,2003.1,2003.1,2003.1,2003.1,2003.1,2003.1,2003.1,2003.1,2003.1,2003.1,2003.1,2003.1,1851.1,1851.1,1851.1,1851.1,1851.1,1851.1,1851.1,1851.1,1851.1,1851.1,1851.1,1851.1,1851.1,1851.1,1851.1,1851.1,1851.1,1851.1,1851.1,1851.1,1851.1,1661.4,1661.4,1661.4,1661.4,1661.4,1661.4,1661.4,1661.4,1661.4,1661.4,1661.4,1661.4,1661.4,1661.4,1661.4,1661.4,1661.4,1661.4,1661.4,1661.4,1661.4,1661.4,1661.4,1661.4,1661.4,1661.4,1661.4,1661.4,1661.4,1661.4,1661.4,1661.4,1661.4,1661.4,1661.4,1661.4,1661.4,1661.4,1661.4,1661.4,1661.4,1661.4,1661.4,1661.4,1661.4,1661.4,1661.4,0,1760,1861.6,1885.7,1944.9,1944.9,2494.5,2556.3,2558.5,2644.9,2693.5,2713.8,2713.8,2713.8,2783.1,2783.1,3545.2,5885.9,5885.9,16157
1.969e+05,1.969e+05,1.969e+05,1.969e+05,17290,17290,8039.4,8039.4,8039.4,8039.4,8039.4,8039.4,8039.4,8039.4,8039.4,8039.4,2003.1,2003.1,2003.1,2003.1,2003.1,2003.1,2003.1,2003.1,2003.1,2003.1,2003.1,2003.1,1851.1,1851.1,1851.1,1851.1,1851.1,1851.1,1851.1,1851.1,1851.1,1851.1,1851.1,1851.1,1851.1,1851.1,1851.1,1851.1,1851.1,1851.1,1851.1,1851.1,1851.1,1760,1760,1760,1760,1760,1760,1760,1760,1760,1760,1760,1760,1760,1760,1760,1760,1760,1760,1760,1760,1760,1760,1760,1760,1760,1760,1760,1760,1760,1760,1760,1760,1760,1760,1760,1760,1760,1760,1760,1760,1760,1760,1760,1760,1760,1760,1760,1760,0,1861.6,1885.7,1944.9,1944.9,2494.5,2556.3,2558.5,2644.9,2693.5,2713.8,2713.8,2713.8,2783.1,2783.1,3545.2,5885.9,5885.9,16157
1.969e+05,1.969e+05,1.969e+05,1.969e+05,17290,17290,8039.4,8039.4,8039.4,8039.4,8039.4,8039.4,8039.4,8039.4,8039.4,8039.4,2003.1,2003.1,2003.1,2003.1,2003.1,2003.1,2003.1,2003.1,2003.1,2003.1,2003.1,2003.1,1861.6,1861.6,1861.6,1861.6,1861.6,1861.6,1861.6,1861.6,1861.6,1861.6,1861.6,1861.6,1861.6,1861.6,1861.6,1861.6,1861.6,1861.6,1861.6,1861.6,1861.6,1861.6,1861.6,1861.6,1861.6,1861.6,1861.6,1861.6,1861.6,1861.6,1861.6,1861.6,1861.6,1861.6,1861.6,1861.6,1861.6,1861.6,1861.6,1861.6,1861.6,1861.6,1861.6,1861.6,1861.6,1861.6,1861.6,1861.6,1861.6,1861.6,1861.6,1861.6,1861.6,1861.6,1861.6,1861.6,1861.6,1861.6,1861.6,1861.6,1861.6,1861.6,1861.6,1861.6,1861.6,1861.6,1861.6,1861.6,1861.6,1861.6,0,1885.7,1944.9,1944.9,2494.5,2556.3,2558.5,2644.9,2693.5,2713.8,2713.8,2713.8,2783.1,2783.1,3545.2,5885.9,5885.9,16157
1.969e+05,1.969e+05,1.969e+05,1.969e+05,17290,17290,8039.4,8039.4,8039.4,8039.4,8039.4,8039.4,8039.4,8039.4,8039.4,8039.4,2003.1,2003.1,2003.1,2003.1,2003.1,2003.1,2003.1,2003.1,2003.1,2003.1,2003.1,2003.1,1885.7,1885.7,1885.7,1885.7,1885.7,1885.7,1885.7,1885.7,1885.7,1885.7,1885.7,1885.7,1885.7,1885.7,1885.7,1885.7,1885.7,1885.7,1885.7,1885.7,1885.7,1885.7,1885.7,1885.7,1885.7,1885.7,1885.7,1885.7,1885.7,1885.7,1885.7,1885.7,1885.7,1885.7,1885.7,1885.7,1885.7,1885.7,1885.7,1885.7,1885.7,1885.7,1885.7,1885.7,1885.7,1885.7,1885.7,1885.7,1885.7,1885.7,1885.7,1885.7,1885.7,1885.7,1885.7,1885.7,1885.7,1885.7,1885.7,1885.7,1885.7,1885.7,1885.7,1885.7,1885.7,1885.7,1885.7,1885.7,1885.7,1885.7,1885.7,0,1944.9,1944.9,2494.5,2556.3,2558.5,2644.9,2693.5,2713.8,2713.8,2713.8,2783.1,2783.1,3545.2,5885.9,5885.9,16157
1.969e+05,1.969e+05,1.969e+05,1.969e+05,17290,17290,8039.4,8039.4,8039.4,8039.4,8039.4,8039.4,8039.4,8039.4,8039.4,8039.4,2003.1,2003.1,2003.1,2003.1,2003.1,2003.1,2003.1,2003.1,2003.1,2003.1,2003.1,2003.1,1944.9,1944.9,1944.9,1944.9,1944.9,1944.9,1944.9,1944.9,1944.9,1944.9,1944.9,1944.9,1944.9,1944.9,1944.9,1944.9,1944.9,1944.9,1944.9,1944.9,1944.9,1944.9,1944.9,1944.9,1944.9,1944.9,1944.9,1944.9,1944.9,1944.9,1944.9,1944.9,1944.9,1944.9,1944.9,1944.9,1944.9,1944.9,1944.9,1944.9,1944.9,1944.9,1944.9,1944.9,1944.9,1944.9,1944.9,1944.9,1944.9,1944.9,1944.9,1944.9,1944.9,1944.9,1944.9,1944.9,1944.9,1944.9,1944.9,1944.9,1944.9,1944.9,1944.9,1944.9,1944.9,1944.9,1944.9,1944.9,1944.9,1944.9,1944.9,1944.9,0,1051.9,2494.5,2556.3,2558.5,2644.9,2693.5,2713.8,2713.8,2713.8,2783.1,2783.1,3545.2,5885.9,5885.9,16157
1.969e+05,1.969e+05,1.969e+05,1.969e+05,17290,17290,8039.4,8039.4,8039.4,8039.4,8039.4,8039.4,8039.4,8039.4,8039.4,8039.4,2003.1,2003.1,2003.1,2003.1,2003.1,2003.1,2003.1,2003.1,2003.1,2003.1,2003.1,2003.1,1944.9,1944.9,1944.9,1944.9,1944.9,1944.9,1944.9,1944.9,1944.9,1944.9,1944.9,1944.9,1944.9,1944.9,1944.9,1944.9,1944.9,1944.9,1944.9,1944.9,1944.9,1944.9,1944.9,1944.9,1944.9,1944.9,1944.9,1944.9,1944.9,1944.9,1944.9,1944.9,1944.9,1944.9,1944.9,1944.9,1944.9,1944.9,1944.9,1944.9,1944.9,1944.9,1944.9,1944.9,1944.9,1944.9,1944.9,1944.9,1944.9,1944.9,1944.9,1944.9,1944.9,1944.9,1944.9,1944.9,1944.9,1944.9,1944.9,1944.9,1944.9,1944.9,1944.9,1944.9,1944.9,1944.9,1944.9,1944.9,1944.9,1944.9,1944.9,1944.9,1051.9,0,2494.5,2556.3,2558.5,2644.9,2693.5,2713.8,2713.8,2713.8,2783.1,2783.1,3545.2,5885.9,5885.9,16157
1.969e+05,1.969e+05,1.969e+05,1.969e+05,17290,17290,8039.4,8039.4,8039.4,8039.4,8039.4,8039.4,8039.4,8039.4,8039.4,8039.4,2494.5,2494.5,2494.5,2494.5,2494.5,2494.5,2494.5,2494.5,2494.5,2494.5,2494.5,2494.5,2494.5,2494.5,2494.5,2494.5,2494.5,2494.5,2494.5,2494.5,2494.5,2494.5,2494.5,2494.5,2494.5,2494.5,2494.5,2494.5,2494.5,2494.5,2494.5,2494.5,2494.5,2494.5,2494.5,2494.5,2494.5,2494.5,2494.5,2494.5,2494.5,2494.5,2494.5,2494.5,2494.5,2494.5,2494.5,2494.5,2494.5,2494.5,2494.5,2494.5,2494.5,2494.5,2494.5,2494.5,2494.5,2494.5,2494.5,2494.5,2494.5,2494.5,2494.5,2494.5,2494.5,2494.5,2494.5,2494.5,2494.5,2494.5,2494.5,2494.5,2494.5,2494.5,2494.5,2494.5,2494.5,2494.5,2494.5,2494.5,2494.5,2494.5,2494.5,2494.5,2494.5,2494.5,0,2556.3,2558.5,2644.9,2693.5,2713.8,2713.8,2713.8,2783.1,2783.1,3545.2,5885.9,5885.9,16157
1.969e+05,1.969e+05,1.969e+05,1.969e+05,17290,17290,8039.4,8039.4,8039.4,8039.4,8039.4,8039.4,8039.4,8039.4,8039.4,8039.4,2556.3,2556.3,2556.3,2556.3,2556.3,2556.3,2556.3,2556.3,2556.3,2556.3,2556.3,2556.3,2556.3,2556.3,2556.3,2556.3,2556.3,2556.3,2556.3,2556.3,2556.3,2556.3,2556.3,2556.3,2556.3,2556.3,2556.3,2556.3,2556.3,2556.3,2556.3,2556.3,2556.3,2556.3,2556.3,2556.3,2556.3,2556.3,2556.3,2556.3,2556.3,2556.3,2556.3,2556.3,2556.3,2556.3,2556.3,2556.3,2556.3,2556.3,2556.3,2556.3,2556.3,2556.3,2556.3,2556.3,2556.3,2556.3,2556.3,2556.3,2556.3,2556.3,2556.3,2556.3,2556.3,2556.3,2556.3,2556.3,2556.3,2556.3,2556.3,2556.3,2556.3,2556.3,2556.3,2556.3,2556.3,2556.3,2556.3,2556.3,2556.3,2556.3,2556.3,2556.3,2556.3,2556.3,2556.3,0,2558.5,2644.9,2693.5,2713.8,2713.8,2713.8,2783.1,2783.1,3545.2,5885.9,5885.9,16157
1.969e+05,1.969e+05,1.969e+05,1.969e+05,17290,17290,8039.4,8039.4,8039.4,8039.4,8039.4,8039.4,8039.4,8039.4,8039.4,8039.4,2558.5,2558.5,2558.5,2558.5,2558.5,2558.5,2558.5,2558.5,2558.5,2558.5,2558.5,2558.5,2558.5,2558.5,2558.5,2558.5,2558.5,2558.5,2558.5,2558.5,2558.5,2558.5,2558.5,2558.5,2558.5,2558.5,2558.5,2558.5,2558.5,2558.5,2558.5,2558.5,2558.5,2558.5,2558.5,2558.5,2558.5,2558.5,2558.5,2558.5,2558.5,2558.5,2558.5,2558.5,2558.5,2558.5,2558.5,2558.5,2558.5,2558.5,2558.5,2558.5,2558.5,2558.5,2558.5,2558.5,2558.5,2558.5,2558.5,2558.5,2558.5,2558.5,2558.5,2558.5,2558.5,2558.5,2558.5,2558.5,2558.5,2558.5,2558.5,2558.5,2558.5,2558.5,2558.5,2558.5,2558.5,2558.5,2558.5,2558.5,2558.5,2558.5,2558.5,2558.5,2558.5,2558.5,2558.5,2558.5,0,2644.9,2693.5,2713.8,2713.8,2713.8,2783.1,2783.1,3545.2,5885.9,5885.9,16157
1.969e+05,1.969e+05,1.969e+05,1.969e+05,17290,17290,8039.4,8039.4,8039.4,8039.4,8039.4,8039.4,8039.4,8039.4,8039.4,8039.4,2644.9,2644.9,2644.9,2644.9,2644.9,2644.9,2644.9,2644.9,2644.9,2644.9,2644.9,2644.9,2644.9,2644.9,2644.9,2644.9,2644.9,2644.9,2644.9,2644.9,2644.9,2644.9,2644.9,2644.9,2644.9,2644.9,2644.9,2644.9,2644.9,2644.9,2644.9,2644.9,2644.9,2644.9,2644.9,2644.9,2644.9,2644.9,2644.9,2644.9,2644.9,2644.9,2644.9,2644.9,2644.9,2644.9,2644.9,2644.9,2644.9,2644.9,2644.9,2644.9,2644.9,2644.9,2644.9,2644.9,2644.9,2644.9,2644.9,2644.9,2644.9,2644.9,2644.9,2644.9,2644.9,2644.9,2644.9,2644.9,2644.9,2644.9,2644.9,2644.9,2644.9,2644.9,2644.9,2644.9,2644.9,2644.9,2644.9,2644.9,2644.9,2644.9,2644.9,2644.9,2644.9,2644.9,2644.9,2644.9,2644.9,0,2693.5,2713.8,2713.8,2713.8,2783.1,2783.1,3545.2,5885.9,5885.9,16157
1.969e+05,1.969e+05,1.969e+05,1.969e+05,17290,17290,8039.4,8039.4,8039.4,8039.4,8039.4,8039.4,8039.4,8039.4,8039.4,8039.4,2693.5,2693.5,2693.5,2693.5,2693.5,2693.5,2693.5,2693.5,2693.5,2693.5,2693.5,2693.5,2693.5,2693.5,2693.5,2693.5,2693.5,2693.5,2693.5,2693.5,2693.5,2693.5,2693.5,2693.5,2693.5,2693.5,2693.5,2693.5,2693.5,2693.5,2693.5,2693.5,2693.5,2693.5,2693.5,2693.5,2693.5,2693.5,2693.5,2693.5,2693.5,2693.5,2693.5,2693.5,2693.5,2693.5,2693.5,2693.5,2693.5,2693.5,2693.5,2693.5,2693.5,2693.5,2693.5,2693.5,2693.5,2693.5,2693.5,2693.5,2693.5,2693.5,2693.5,2693.5,2693.5,2693.5,2693.5,2693.5,2693.5,2693.5,2693.5,2693.5,2693.5,2693.5,2693.5,2693.5,2693.5,2693.5,2693.5,2693.5,2693.5,2693.5,2693.5,2693.5,2693.5,2693.5,2693.5,2693.5,2693.5,2693.5,0,2713.8,2713.8,2713.8,2783.1,2783.1,3545.2,5885.9,5885.9,16157
1.969e+05,1.969e+05,1.969e+05,1.969e+05,17290,17290,8039.4,8039.4,8039.4,8039.4,8039.4,8039.4,8039.4,8039.4,8039.4,8039.4,2713.8,2713.8,2713.8,2713.8,2713.8,2713.8,2713.8,2713.8,2713.8,2713.8,2713.8,2713.8,2713.8,2713.8,2713.8,2713.8,2713.8,2713.8,2713.8,2713.8,2713.8,2713.8,2713.8,2713.8,2713.8,2713.8,2713.8,2713.8,2713.8,2713.8,2713.8,2713.8,2713.8,2713.8,2713.8,2713.8,2713.8,2713.8,2713.8,2713.8,2713.8,2713.8,2713.8,2713.8,2713.8,2713.8,2713.8,2713.8,2713.8,2713.8,2713.8,2713.8,2713.8,2713.8,2713.8,2713.8,2713.8,2713.8,2713.8,2713.8,2713.8,2713.8,2713.8,2713.8,2713.8,2713.8,2713.8,2713.8,2713.8,2713.8,2713.8,2713.8,2713.8,2713.8,2713.8,2713.8,2713.8,2713.8,2713.8,2713.8,2713.8,2713.8,2713.8,2713.8,2713.8,2713.8,2713.8,2713.8,2713.8,2713.8,2713.8,0,1063.6,2630.9,2783.1,2783.1,3545.2,5885.9,5885.9,16157
1.969e+05,1.969e+05,1.969e+05,1.969e+05,17290,17290,8039.4,8039.4,8039.4,8039.4,8039.4,8039.4,8039.4,8039.4,8039.4,8039.4,2713.8,2713.8,2713.8,2713.8,2713.8,2713.8,2713.8,2713.8,2713.8,2713.8,2713.8,2713.8,2713.8,2713.8,2713.8,2713.8,2713.8,2713.8,2713.8,2713.8,2713.8,2713.8,2713.8,2713.8,2713.8,2713.8,2713.8,2713.8,2713.8,2713.8,2713.8,2713.8,2713.8,2713.8,2713.8,2713.8,2713.8,2713.8,2713.8,2713.8,2713.8,2713.8,2713.8,2713.8,2713.8,2713.8,2713.8,2713.8,2713.8,2713.8,2713.8,2713.8,2713.8,2713.8,2713.8,2713.8,2713.8,2713.8,2713.8,2713.8,2713.8,2713.8,2713.8,2713.8,2713.8,2713.8,2713.8,2713.8,2713.8,2713.8,2713.8,2713.8,2713.8,2713.8,2713.8,2713.8,2713.8,2713.8,2713.8,2713.8,2713.8,2713.8,2713.8,2713.8,2713.8,2713.8,2713.8,2713.8,2713.8,2713.8,2713.8,1063.6,0,2630.9,2783.1,2783.1,3545.2,5885.9,5885.9,16157
1.969e+05,1.969e+05,1.969e+05,1.969e+05,17290,17290,8039.4,8039.4,8039.4,8039.4,8039.4,8039.4,8039.4,8039.4,8039.4,8039.4,2713.8,2713.8,2713.8,2713.8,2713.8,2713.8,2713.8,2713.8,2713.8,2713.8,2713.8,2713.8,2713.8,2713.8,2713.8,2713.8,2713.8,2713.8,2713.8,2713.8,2713.8,2713.8,2713.8,2713.8,2713.8,2713.8,2713.8,2713.8,2713.8,2713.8,2713.8,2713.8,2713.8,2713.8,2713.8,2713.8,2713.8,2713.8,2713.8,2713.8,2713.8,2713.8,2713.8,2713.8,2713.8,2713.8,2713.8,2713.8,2713.8,2713.8,2713.8,2713.8,2713.8,2713.8,2713.8,2713.8,2713.8,2713.8,2713.8,2713.8,2713.8,2713.8,2713.8,2713.8,2713.8,2713.8,2713.8,2713.8,2713.8,2713.8,2713.8,2713.8,2713.8,2713.8,2713.8,2713.8,2713.8,2713.8,2713.8,2713.8,2713.8,2713.8,2713.8,2713.8,2713.8,2713.8,2713.8,2713.8,2713.8,2713.8,2713.8,2630.9,2630.9,0,2783.1,2783.1,3545.2,5885.9,5885.9,16157
1.969e+05,1.969e+05,1.969e+05,1.969e+05,17290,17290,8039.4,8039.4,8039.4,8039.4,8039.4,8039.4,8039.4,8039.4,8039.4,8039.4,2783.1,2783.1,2783.1,2783.1,2783.1,2783.1,2783.1,2783.1,2783.1,2783.1,2783.1,2783.1,2783.1,2783.1,2783.1,2783.1,2783.1,2783.1,2783.1,2783.1,2783.1,2783.1,2783.1,2783.1,2783.1,2783.1,2783.1,2783.1,2783.1,2783.1,2783.1,2783.1,2783.1,2783.1,2783.1,2783.1,2783.1,2783.1,2783.1,2783.1,2783.1,2783.1,2783.1,2783.1,2783.1,2783.1,2783.1,2783.1,2783.1,2783.1,2783.1,2783.1,2783.1,2783.1,2783.1,2783.1,2783.1,2783.1,2783.1,2783.1,2783.1,2783.1,2783.1,2783.1,2783.1,2783.1,2783.1,2783.1,2783.1,2783.1,2783.1,2783.1,2783.1,2783.1,2783.1,2783.1,2783.1,2783.1,2783.1,2783.1,2783.1,2783.1,2783.1,2783.1,2783.1,2783.1,2783.1,2783.1,2783.1,2783.1,2783.1,2783.1,2783.1,2783.1,0,2294,3545.2,5885.9,5885.9,16157
1.969e+05,1.969e+05,1.969e+05,1.969e+05,17290,17290,8039.4,8039.4,8039.4,8039.4,8039.4,8039.4,8039.4,8039.4,8039.4,8039.4,2783.1,2783.1,2783.1,2783.1,2783.1,2783.1,2783.1,2783.1,2783.1,2783.1,2783.1,2783.1,2783.1,2783.1,2783.1,2783.1,2783.1,2783.1,2783.1,2783.1,2783.1,2783.1,2783.1,2783.1,2783.1,2783.1,2783.1,2783.1,2783.1,2783.1,2783.1,2783.1,2783.1,2783.1,2783.1,2783.1,2783.1,2783.1,2783.1,2783.1,2783.1,2783.1,2783.1,2783.1,2783.1,2783.1,2783.1,2783.1,2783.1,2783.1,2783.1,2783.1,2783.1,2783.1,2783.1,2783.1,2783.1,2783.1,2783.1,2783.1,2783.1,2783.1,2783.1,2783.1,2783.1,2783.1,2783.1,2783.1,2783.1,2783.1,2783.1,2783.1,2783.1,2783.1,2783.1,2783.1,2783.1,2783.1,2783.1,2783.1,2783.1,2783.1,2783.1,2783.1,2783.1,2783.1,2783.1,2783.1,2783.1,2783.1,2783.1,2783.1,2783.1,2783.1,2294,0,3545.2,5885.9,5885.9,16157
1.969e+05,1.969e+05,1.969e+05,1.969e+05,17290,17290,8039.4,8039.4,8039.4,8039.4,8039.4,8039.4,8039.4,8039.4,8039.4,8039.4,3545.2,3545.2,3545.2,3545.2,3545.2,3545.2,3545.2,3545.2,3545.2,3545.2,3545.2,3545.2,3545.2,3545.2,3545.2,3545.2,3545.2,3545.2,3545.2,3545.2,3545.2,3545.2,3545.2,3545.2,3545.2,3545.2,3545.2,3545.2,3545.2,3545.2,3545.2,3545.2,3545.2,3545.2,3545.2,3545.2,3545.2,3545.2,3545.2,3545.2,3545.2,3545.2,3545.2,3545.2,3545.2,3545.2,3545.2,3545.2,3545.2,3545.2,3545.2,3545.2,3545.2,3545.2,3545.2,3545.2,3545.2,3545.2,3545.2,3545.2,3545.2,3545.2,3545.2,3545.2,3545.2,3545.2,3545.2,3545.2,3545.2,3545.2,3545.2,3545.2,3545.2,3545.2,3545.2,3545.2,3545.2,3545.2,3545.2,3545.2,3545.2,3545.2,3545.2,3545.2,3545.2,3545.2,3545.2,3545.2,3545.2,3545.2,3545.2,3545.2,3545.2,3545.2,3545.2,3545.2,0,5885.9,5885.9,16157
1.969e+05,1.969e+05,1.969e+05,1.969e+05,17290,17290,8039.4,8039.4,8039.4,8039.4,8039.4,8039.4,8039.4,8039.4,8039.4,8039.4,5885.9,5885.9,5885.9,5885.9,5885.9,5885.9,5885.9,5885.9,5885.9,5885.9,5885.9,5885.9,5885.9,5885.9,5885.9,5885.9,5885.9,5885.9,5885.9,5885.9,5885.9,5885.9,5885.9,5885.9,5885.9,5885.9,5885.9,5885.9,5885.9,5885.9,5885.9,5885.9,5885.9,5885.9,5885.9,5885.9,5885.9,5885.9,5885.9,5885.9,5885.9,5885.9,5885.9,5885.9,5885.9,5885.9,5885.9,5885.9,5885.9,5885.9,5885.9,5885.9,5885.9,5885.9,5885.9,5885.9,5885.9,5885.9,5885.9,5885.9,5885.9,5885.9,5885.9,5885.9,5885.9,5885.9,5885.9,5885.9,5885.9,5885.9,5885.9,5885.9,5885.9,5885.9,5885.9,5885.9,5885.9,5885.9,5885.9,5885.9,5885.9,5885.9,5885.9,5885.9,5885.9,5885.9,5885.9,5885.9,5885.9,5885.9,5885.9,5885.9,5885.9,5885.9,5885.9,5885.9,5885.9,0,2250.1,16157
1.969e+05,1.969e+05,1.969e+05,1.969e+05,17290,17290,8039.4,8039.4,8039.4,8039.4,8039.4,8039.4,8039.4,8039.4,8039.4,8039.4,5885.9,5885.9,5885.9,5885.9,5885.9,5885.9,5885.9,5885.9,5885.9,5885.9,5885.9,5885.9,5885.9,5885.9,5885.9,5885.9,5885.9,5885.9,5885.9,5885.9,5885.9,5885.9,5885.9,5885.9,5885.9,5885.9,5885.9,5885.9,5885.9,5885.9,5885.9,5885.9,5885.9,5885.9,5885.9,5885.9,5885.9,5885.9,5885.9,5885.9,5885.9,5885.9,5885.9,5885.9,5885.9,5885.9,5885.9,5885.9,5885.9,5885.9,5885.9,5885.9,5885.9,5885.9,5885.9,5885.9,5885.9,5885.9,5885.9,5885.9,5885.9,5885.9,5885.9,5885.9,5885.9,5885.9,5885.9,5885.9,5885.9,5885.9,5885.9,5885.9,5885.9,5885.9,5885.9,5885.9,5885.9,5885.9,5885.9,5885.9,5885.9,5885.9,5885.9,5885.9,5885.9,5885.9,5885.9,5885.9,5885.9,5885.9,5885.9,5885.9,5885.9,5885.9,5885.9,5885.9,5885.9,2250.1,0,16157
1.969e+05,1.969e+05,1.969e+05,1.969e+05,17290,17290,16157,16157,16157,16157,16157,16157,16157,16157,16157,16157,16157,16157,16157,16157,16157,16157,16157,16157,16157,16157,16157,16157,16157,16157,16157,16157,16157,16157,16157,16157,16157,16157,16157,16157,16157,16157,16157,16157,16157,16157,16157,16157,16157,16157,16157,16157,16157,16157,16157,16157,16157,16157,16157,16157,16157,16157,16157,16157,16157,16157,16157,16157,16157,16157,16157,16157,16157,16157,16157,16157,16157,16157,16157,16157,16157,16157,16157,16157,16157,16157,16157,16157,16157,16157,16157,16157,16157,16157,16157,16157,16157,16157,16157,16157,16157,16157,16157,16157,16157,16157,16157,16157,16157,16157,16157,16157,16157,16157,16157,0
